#gene_id	taxID	e_value	fasta_id
GBPCPCFC_00875	4842	1.17e-116	GBPCPCFC_00875-0
GBPCPCFC_00876	33154	6.20e-203	GBPCPCFC_00876-0
GBPCPCFC_00877	2759	3.46e-17	GBPCPCFC_00877-0
GBPCPCFC_00124	33154	9.82e-194	GBPCPCFC_00124-0
GBPCPCFC_00125	64495	3.23e-79	GBPCPCFC_00125-0
GBPCPCFC_00126			GBPCPCFC_00126-0
GBPCPCFC_00127	40323	8.01e-215	GBPCPCFC_00127-0
GBPCPCFC_00128	33154	7.10e-37	GBPCPCFC_00128-0
GBPCPCFC_00692	1206794	0.0	GBPCPCFC_00692-0
GBPCPCFC_00693	198620	4.53e-68	GBPCPCFC_00693-0
GBPCPCFC_00694	198620	4.09e-25	GBPCPCFC_00694-0
GBPCPCFC_00695	64495	7.58e-32	GBPCPCFC_00695-0
GBPCPCFC_02166			GBPCPCFC_02166-0
GBPCPCFC_02167	291331	6.71e-98	GBPCPCFC_02167-0
GBPCPCFC_02168			GBPCPCFC_02168-0
GBPCPCFC_02169	936053	1.04e-87	GBPCPCFC_02169-0
GBPCPCFC_02170	64495	1.23e-230	GBPCPCFC_02170-0
GBPCPCFC_02171	64495	1.20e-135	GBPCPCFC_02171-0
GBPCPCFC_02172	64495	9.88e-192	GBPCPCFC_02172-0
GBPCPCFC_02173	64495	2.16e-60	GBPCPCFC_02173-0
GBPCPCFC_02174	40323	6.15e-151	GBPCPCFC_02174-0
GBPCPCFC_02154	33154	3.35e-128	GBPCPCFC_02154-0
GBPCPCFC_02155	1206794	1.76e-06	GBPCPCFC_02155-0
GBPCPCFC_02156			GBPCPCFC_02156-0
GBPCPCFC_02157	40323	1.11e-111	GBPCPCFC_02157-0
GBPCPCFC_02158	64495	1.00e-102	GBPCPCFC_02158-0
GBPCPCFC_02159	64495	1.99e-47	GBPCPCFC_02159-0
GBPCPCFC_02160	40323	3.76e-121	GBPCPCFC_02160-0
GBPCPCFC_02161	2	3.92e-95	GBPCPCFC_02161-0
GBPCPCFC_02162	2	9.47e-144	GBPCPCFC_02162-0
GBPCPCFC_02163	2	2.74e-207	GBPCPCFC_02163-0
GBPCPCFC_02164	64495	5.52e-61	GBPCPCFC_02164-0
GBPCPCFC_02165	2759	3.91e-09	GBPCPCFC_02165-0
GBPCPCFC_00895			GBPCPCFC_00895-0
GBPCPCFC_00896			GBPCPCFC_00896-0
GBPCPCFC_00897			GBPCPCFC_00897-0
GBPCPCFC_00898	64495	5.07e-08	GBPCPCFC_00898-0
GBPCPCFC_00899	114280	3.94e-21	GBPCPCFC_00899-0
GBPCPCFC_00900			GBPCPCFC_00900-0
GBPCPCFC_00901			GBPCPCFC_00901-0
GBPCPCFC_00902	2	0.0	GBPCPCFC_00902-0
GBPCPCFC_00903	33154	8.90e-87	GBPCPCFC_00903-0
GBPCPCFC_00904	1303443	1.87e-17	GBPCPCFC_00904-0
GBPCPCFC_00905	33154	4.79e-214	GBPCPCFC_00905-0
GBPCPCFC_00906	1224	3.10e-10	GBPCPCFC_00906-0
GBPCPCFC_00907	573	8.73e-12	GBPCPCFC_00907-0
GBPCPCFC_00908			GBPCPCFC_00908-0
GBPCPCFC_00909	33154	1.23e-222	GBPCPCFC_00909-0
GBPCPCFC_00910	64495	1.81e-55	GBPCPCFC_00910-0
GBPCPCFC_00911	40324	1.54e-239	GBPCPCFC_00911-0
GBPCPCFC_00912	64495	3.60e-80	GBPCPCFC_00912-0
GBPCPCFC_00913	64495	1.35e-240	GBPCPCFC_00913-0
GBPCPCFC_02136	64495	4.78e-310	GBPCPCFC_02136-0
GBPCPCFC_02137	40323	6.61e-149	GBPCPCFC_02137-0
GBPCPCFC_02138	1236	3.46e-143	GBPCPCFC_02138-0
GBPCPCFC_02139	40323	1.98e-125	GBPCPCFC_02139-0
GBPCPCFC_02140	64495	2.63e-57	GBPCPCFC_02140-0
GBPCPCFC_02141	64495	1.10e-89	GBPCPCFC_02141-0
GBPCPCFC_02142	2	4.93e-189	GBPCPCFC_02142-0
GBPCPCFC_02143	64495	1.05e-43	GBPCPCFC_02143-0
GBPCPCFC_02144	33154	2.49e-151	GBPCPCFC_02144-0
GBPCPCFC_02145	58291	7.41e-35	GBPCPCFC_02145-0
GBPCPCFC_02146	1184266	2.91e-18	GBPCPCFC_02146-0
GBPCPCFC_02147	64495	1.70e-148	GBPCPCFC_02147-0
GBPCPCFC_02148	64495	4.93e-18	GBPCPCFC_02148-0
GBPCPCFC_02149	64495	3.51e-158	GBPCPCFC_02149-0
GBPCPCFC_02150	64495	2.92e-83	GBPCPCFC_02150-0
GBPCPCFC_02151	4842	1.24e-107	GBPCPCFC_02151-0
GBPCPCFC_02152	64495	1.77e-62	GBPCPCFC_02152-0
GBPCPCFC_02153	378806	1.04e-28	GBPCPCFC_02153-0
GBPCPCFC_00696	40324	6.91e-115	GBPCPCFC_00696-0
GBPCPCFC_00697	2018661	4.35e-22	GBPCPCFC_00697-0
GBPCPCFC_00698	93759	1.64e-32	GBPCPCFC_00698-0
GBPCPCFC_00699	64495	3.47e-138	GBPCPCFC_00699-0
GBPCPCFC_00700	287	1.27e-68	GBPCPCFC_00700-0
GBPCPCFC_00701	286	1.62e-42	GBPCPCFC_00701-0
GBPCPCFC_00702	936053	1.96e-07	GBPCPCFC_00702-0
GBPCPCFC_00703	2	3.89e-263	GBPCPCFC_00703-0
GBPCPCFC_00704	2	1.62e-198	GBPCPCFC_00704-0
GBPCPCFC_00705	33154	1.61e-96	GBPCPCFC_00705-0
GBPCPCFC_00706			GBPCPCFC_00706-0
GBPCPCFC_00707	64495	1.46e-16	GBPCPCFC_00707-0
GBPCPCFC_00708	40323	3.98e-129	GBPCPCFC_00708-0
GBPCPCFC_00709	33154	2.90e-133	GBPCPCFC_00709-0
GBPCPCFC_00878	1236	2.29e-271	GBPCPCFC_00878-0
GBPCPCFC_00879	305	4.23e-17	GBPCPCFC_00879-0
GBPCPCFC_00880			GBPCPCFC_00880-0
GBPCPCFC_00881	4842	2.05e-18	GBPCPCFC_00881-0
GBPCPCFC_00882			GBPCPCFC_00882-0
GBPCPCFC_00883	58291	2.92e-78	GBPCPCFC_00883-0
GBPCPCFC_00884	40323	0.0	GBPCPCFC_00884-0
GBPCPCFC_00885	2759	6.45e-59	GBPCPCFC_00885-0
GBPCPCFC_00886	64495	3.22e-133	GBPCPCFC_00886-0
GBPCPCFC_00887	33154	4.32e-182	GBPCPCFC_00887-0
GBPCPCFC_00888	64495	7.06e-101	GBPCPCFC_00888-0
GBPCPCFC_00889			GBPCPCFC_00889-0
GBPCPCFC_00890	64495	2.81e-34	GBPCPCFC_00890-0
GBPCPCFC_00891	4842	1.99e-32	GBPCPCFC_00891-0
GBPCPCFC_00892	64495	2.85e-26	GBPCPCFC_00892-0
GBPCPCFC_00893	64495	8.17e-128	GBPCPCFC_00893-0
GBPCPCFC_00894			GBPCPCFC_00894-0
GBPCPCFC_00571	2	5.97e-60	GBPCPCFC_00571-0
GBPCPCFC_00572	1349383	1.29e-37	GBPCPCFC_00572-0
GBPCPCFC_00573	1891229	1.76e-09	GBPCPCFC_00573-0
GBPCPCFC_00574	64495	2.49e-103	GBPCPCFC_00574-0
GBPCPCFC_00575	32033	0.0	GBPCPCFC_00575-0
GBPCPCFC_00576	251720	1.29e-10	GBPCPCFC_00576-0
GBPCPCFC_00577	1236	8.64e-22	GBPCPCFC_00577-0
GBPCPCFC_00578	1224	5.37e-180	GBPCPCFC_00578-0
GBPCPCFC_00579			GBPCPCFC_00579-0
GBPCPCFC_00139	936053	1.30e-32	GBPCPCFC_00139-0
GBPCPCFC_00140	64495	6.76e-05	GBPCPCFC_00140-0
GBPCPCFC_00141	64495	9.46e-106	GBPCPCFC_00141-0
GBPCPCFC_00142			GBPCPCFC_00142-0
GBPCPCFC_00143			GBPCPCFC_00143-0
GBPCPCFC_00144			GBPCPCFC_00144-0
GBPCPCFC_00145			GBPCPCFC_00145-0
GBPCPCFC_00146			GBPCPCFC_00146-0
GBPCPCFC_00776			GBPCPCFC_00776-0
GBPCPCFC_00777	64495	2.27e-95	GBPCPCFC_00777-0
GBPCPCFC_00778	33154	9.40e-175	GBPCPCFC_00778-0
GBPCPCFC_00779	2	1.07e-26	GBPCPCFC_00779-0
GBPCPCFC_00780	4842	8.51e-93	GBPCPCFC_00780-0
GBPCPCFC_00781	40323	8.10e-281	GBPCPCFC_00781-0
GBPCPCFC_00782	1822464	1.53e-94	GBPCPCFC_00782-0
GBPCPCFC_00783	2759	1.66e-90	GBPCPCFC_00783-0
GBPCPCFC_00784	1236	3.13e-82	GBPCPCFC_00784-0
GBPCPCFC_00785	33154	1.22e-47	GBPCPCFC_00785-0
GBPCPCFC_00786	2759	4.69e-120	GBPCPCFC_00786-0
GBPCPCFC_00787	2759	6.15e-32	GBPCPCFC_00787-0
GBPCPCFC_00559	2759	1.11e-153	GBPCPCFC_00559-0
GBPCPCFC_00560	2	4.60e-111	GBPCPCFC_00560-0
GBPCPCFC_00561	64495	2.98e-54	GBPCPCFC_00561-0
GBPCPCFC_00562	64495	1.81e-16	GBPCPCFC_00562-0
GBPCPCFC_00563	40324	1.10e-175	GBPCPCFC_00563-0
GBPCPCFC_00564	64495	6.65e-145	GBPCPCFC_00564-0
GBPCPCFC_00565	40324	1.52e-66	GBPCPCFC_00565-0
GBPCPCFC_00566	64495	9.48e-100	GBPCPCFC_00566-0
GBPCPCFC_00567	64495	1.82e-16	GBPCPCFC_00567-0
GBPCPCFC_00568	64495	6.61e-30	GBPCPCFC_00568-0
GBPCPCFC_00569	4842	9.03e-20	GBPCPCFC_00569-0
GBPCPCFC_00570	4842	4.50e-45	GBPCPCFC_00570-0
GBPCPCFC_00129	64495	4.63e-86	GBPCPCFC_00129-0
GBPCPCFC_00130	1236	5.53e-52	GBPCPCFC_00130-0
GBPCPCFC_00131	2045451	1.18e-15	GBPCPCFC_00131-0
GBPCPCFC_00132			GBPCPCFC_00132-0
GBPCPCFC_00133			GBPCPCFC_00133-0
GBPCPCFC_00134	40324	6.69e-211	GBPCPCFC_00134-0
GBPCPCFC_00135			GBPCPCFC_00135-0
GBPCPCFC_00136			GBPCPCFC_00136-0
GBPCPCFC_00137			GBPCPCFC_00137-0
GBPCPCFC_00138	1852821	1.16e-09	GBPCPCFC_00138-0
GBPCPCFC_00147	1206794	1.33e-98	GBPCPCFC_00147-0
GBPCPCFC_00148	166010	5.23e-15	GBPCPCFC_00148-0
GBPCPCFC_00149	71275	5.26e-08	GBPCPCFC_00149-0
GBPCPCFC_00150			GBPCPCFC_00150-0
GBPCPCFC_00151			GBPCPCFC_00151-0
GBPCPCFC_00152	40324	0.0	GBPCPCFC_00152-0
GBPCPCFC_00153			GBPCPCFC_00153-0
GBPCPCFC_00154			GBPCPCFC_00154-0
GBPCPCFC_00155	118510	7.36e-07	GBPCPCFC_00155-0
GBPCPCFC_00156			GBPCPCFC_00156-0
GBPCPCFC_00157	3988	2.09e-17	GBPCPCFC_00157-0
GBPCPCFC_00580	520	5.22e-31	GBPCPCFC_00580-0
GBPCPCFC_00581	118510	1.29e-16	GBPCPCFC_00581-0
GBPCPCFC_00582	198620	3.40e-97	GBPCPCFC_00582-0
GBPCPCFC_00583	759362	1.41e-25	GBPCPCFC_00583-0
GBPCPCFC_00584	936053	1.04e-83	GBPCPCFC_00584-0
GBPCPCFC_00585	33154	1.10e-69	GBPCPCFC_00585-0
GBPCPCFC_00586	64495	1.18e-15	GBPCPCFC_00586-0
GBPCPCFC_00587	573	6.29e-08	GBPCPCFC_00587-0
GBPCPCFC_00588	118510	1.08e-60	GBPCPCFC_00588-0
GBPCPCFC_00589			GBPCPCFC_00589-0
GBPCPCFC_00590	64495	5.46e-118	GBPCPCFC_00590-0
GBPCPCFC_00591	64495	1.13e-104	GBPCPCFC_00591-0
GBPCPCFC_00592	58291	1.53e-116	GBPCPCFC_00592-0
GBPCPCFC_00788	33154	9.33e-190	GBPCPCFC_00788-0
GBPCPCFC_00789	64495	2.96e-31	GBPCPCFC_00789-0
GBPCPCFC_00790	64495	1.49e-104	GBPCPCFC_00790-0
GBPCPCFC_00791	33154	1.87e-210	GBPCPCFC_00791-0
GBPCPCFC_00792			GBPCPCFC_00792-0
GBPCPCFC_00793			GBPCPCFC_00793-0
GBPCPCFC_00794	611301	8.92e-26	GBPCPCFC_00794-0
GBPCPCFC_00795	4751	5.38e-71	GBPCPCFC_00795-0
GBPCPCFC_00796	64495	6.39e-62	GBPCPCFC_00796-0
GBPCPCFC_00797	64495	9.63e-17	GBPCPCFC_00797-0
GBPCPCFC_00798			GBPCPCFC_00798-0
GBPCPCFC_00799	64495	3.39e-62	GBPCPCFC_00799-0
GBPCPCFC_00800	2	1.29e-304	GBPCPCFC_00800-0
GBPCPCFC_00801			GBPCPCFC_00801-0
GBPCPCFC_00802			GBPCPCFC_00802-0
GBPCPCFC_00803			GBPCPCFC_00803-0
GBPCPCFC_00804	2878685	3.46e-23	GBPCPCFC_00804-0
GBPCPCFC_00805	33154	1.38e-175	GBPCPCFC_00805-0
GBPCPCFC_00806			GBPCPCFC_00806-0
GBPCPCFC_00807			GBPCPCFC_00807-0
GBPCPCFC_00539	2	2.34e-49	GBPCPCFC_00539-0
GBPCPCFC_00540	64495	5.99e-36	GBPCPCFC_00540-0
GBPCPCFC_00541			GBPCPCFC_00541-0
GBPCPCFC_00542	2069292	1.35e-98	GBPCPCFC_00542-0
GBPCPCFC_00543	2045451	4.25e-25	GBPCPCFC_00543-0
GBPCPCFC_00544			GBPCPCFC_00544-0
GBPCPCFC_00545	58291	6.18e-91	GBPCPCFC_00545-0
GBPCPCFC_00546	40323	3.68e-177	GBPCPCFC_00546-0
GBPCPCFC_00547			GBPCPCFC_00547-0
GBPCPCFC_00548			GBPCPCFC_00548-0
GBPCPCFC_00549	40324	2.66e-24	GBPCPCFC_00549-0
GBPCPCFC_00550			GBPCPCFC_00550-0
GBPCPCFC_00551			GBPCPCFC_00551-0
GBPCPCFC_00552	53408	5.77e-76	GBPCPCFC_00552-0
GBPCPCFC_00553	33154	2.31e-24	GBPCPCFC_00553-0
GBPCPCFC_00554	2	1.55e-116	GBPCPCFC_00554-0
GBPCPCFC_00555	33154	1.46e-144	GBPCPCFC_00555-0
GBPCPCFC_00556	4842	1.38e-28	GBPCPCFC_00556-0
GBPCPCFC_00557	64495	1.53e-61	GBPCPCFC_00557-0
GBPCPCFC_00558	654	6.55e-14	GBPCPCFC_00558-0
GBPCPCFC_00593	2	1.55e-31	GBPCPCFC_00593-0
GBPCPCFC_00594	2	1.22e-66	GBPCPCFC_00594-0
GBPCPCFC_00595	1224	1.29e-20	GBPCPCFC_00595-0
GBPCPCFC_00596	33317	4.41e-50	GBPCPCFC_00596-0
GBPCPCFC_00597	33317	3.68e-14	GBPCPCFC_00597-0
GBPCPCFC_00598	33317	4.34e-19	GBPCPCFC_00598-0
GBPCPCFC_00599	2	8.76e-46	GBPCPCFC_00599-0
GBPCPCFC_00600	2	8.11e-23	GBPCPCFC_00600-0
GBPCPCFC_00601	33317	2.42e-13	GBPCPCFC_00601-0
GBPCPCFC_00602			GBPCPCFC_00602-0
GBPCPCFC_00603	6656	1.32e-07	GBPCPCFC_00603-0
GBPCPCFC_00604	2	1.02e-20	GBPCPCFC_00604-0
GBPCPCFC_00605	2	1.14e-13	GBPCPCFC_00605-0
GBPCPCFC_00606	131567	2.17e-65	GBPCPCFC_00606-0
GBPCPCFC_00607	1224	6.80e-06	GBPCPCFC_00607-0
GBPCPCFC_00608	33340	1.28e-118	GBPCPCFC_00608-0
GBPCPCFC_00609	2	4.50e-110	GBPCPCFC_00609-0
GBPCPCFC_00610	2	1.22e-47	GBPCPCFC_00610-0
GBPCPCFC_00611	1961830	1.16e-50	GBPCPCFC_00611-0
GBPCPCFC_00612	780	1.79e-37	GBPCPCFC_00612-0
GBPCPCFC_00613	1961830	1.92e-22	GBPCPCFC_00613-0
GBPCPCFC_00614	1961830	1.13e-16	GBPCPCFC_00614-0
GBPCPCFC_00615	1961830	2.85e-92	GBPCPCFC_00615-0
GBPCPCFC_00616	1961830	1.44e-38	GBPCPCFC_00616-0
GBPCPCFC_00710	6656	4.80e-31	GBPCPCFC_00710-0
GBPCPCFC_00711	33340	1.65e-11	GBPCPCFC_00711-0
GBPCPCFC_00712	131567	7.20e-29	GBPCPCFC_00712-0
GBPCPCFC_00713	131567	1.89e-08	GBPCPCFC_00713-0
GBPCPCFC_00714	2	2.55e-10	GBPCPCFC_00714-0
GBPCPCFC_00715	1236	4.06e-13	GBPCPCFC_00715-0
GBPCPCFC_00716			GBPCPCFC_00716-0
GBPCPCFC_00717	2	1.22e-66	GBPCPCFC_00717-0
GBPCPCFC_00718	2878924	0.0	GBPCPCFC_00718-0
GBPCPCFC_00719	6656	1.18e-250	GBPCPCFC_00719-0
GBPCPCFC_00720	780	1.26e-53	GBPCPCFC_00720-0
GBPCPCFC_00721	114277	1.47e-91	GBPCPCFC_00721-0
GBPCPCFC_00722	114277	4.75e-87	GBPCPCFC_00722-0
GBPCPCFC_00723	444612	1.14e-09	GBPCPCFC_00723-0
GBPCPCFC_00724	2866308	7.23e-80	GBPCPCFC_00724-0
GBPCPCFC_00725	6656	1.83e-191	GBPCPCFC_00725-0
GBPCPCFC_00726	131567	1.70e-23	GBPCPCFC_00726-0
GBPCPCFC_00727	33392	1.22e-22	GBPCPCFC_00727-0
GBPCPCFC_00728	780	3.85e-23	GBPCPCFC_00728-0
GBPCPCFC_00729	2	1.58e-35	GBPCPCFC_00729-0
GBPCPCFC_00730	35572	9.07e-216	GBPCPCFC_00730-0
GBPCPCFC_00731	766	2.17e-20	GBPCPCFC_00731-0
GBPCPCFC_00732	766	1.60e-39	GBPCPCFC_00732-0
GBPCPCFC_00733	1359197	5.14e-111	GBPCPCFC_00733-0
GBPCPCFC_00734	780	4.83e-17	GBPCPCFC_00734-0
GBPCPCFC_00735	780	5.17e-56	GBPCPCFC_00735-0
GBPCPCFC_00736			GBPCPCFC_00736-0
GBPCPCFC_00737			GBPCPCFC_00737-0
GBPCPCFC_00738	2698648	1.07e-30	GBPCPCFC_00738-0
GBPCPCFC_00739	1913988	3.64e-42	GBPCPCFC_00739-0
GBPCPCFC_00740	2698648	2.40e-16	GBPCPCFC_00740-0
GBPCPCFC_00741	2	1.21e-66	GBPCPCFC_00741-0
GBPCPCFC_00742	2698648	1.71e-51	GBPCPCFC_00742-0
GBPCPCFC_00743	2698648	2.43e-262	GBPCPCFC_00743-0
GBPCPCFC_00744			GBPCPCFC_00744-0
GBPCPCFC_00745			GBPCPCFC_00745-0
GBPCPCFC_00746	2	2.11e-193	GBPCPCFC_00746-0
GBPCPCFC_00747	7184	7.42e-84	GBPCPCFC_00747-0
GBPCPCFC_00748	780	1.54e-39	GBPCPCFC_00748-0
GBPCPCFC_00749	780	8.44e-74	GBPCPCFC_00749-0
GBPCPCFC_00750	131567	6.50e-173	GBPCPCFC_00750-0
GBPCPCFC_00751	1359194	2.24e-13	GBPCPCFC_00751-0
GBPCPCFC_00752	6656	7.43e-200	GBPCPCFC_00752-0
GBPCPCFC_00753	2866165	8.86e-38	GBPCPCFC_00753-0
GBPCPCFC_00754	2866165	9.37e-27	GBPCPCFC_00754-0
GBPCPCFC_00755	2	7.05e-73	GBPCPCFC_00755-0
GBPCPCFC_00756	2	1.21e-66	GBPCPCFC_00756-0
GBPCPCFC_00757	6656	1.18e-250	GBPCPCFC_00757-0
GBPCPCFC_00758	33317	8.69e-135	GBPCPCFC_00758-0
GBPCPCFC_00759	131567	7.95e-42	GBPCPCFC_00759-0
GBPCPCFC_00760	7184	1.11e-275	GBPCPCFC_00760-0
GBPCPCFC_00761	28211	2.91e-06	GBPCPCFC_00761-0
GBPCPCFC_00762	766	3.69e-07	GBPCPCFC_00762-0
GBPCPCFC_00763	44471	6.38e-04	GBPCPCFC_00763-0
GBPCPCFC_00764	33392	6.59e-15	GBPCPCFC_00764-0
GBPCPCFC_00765			GBPCPCFC_00765-0
GBPCPCFC_00766			GBPCPCFC_00766-0
GBPCPCFC_00767			GBPCPCFC_00767-0
GBPCPCFC_00768			GBPCPCFC_00768-0
GBPCPCFC_00769			GBPCPCFC_00769-0
GBPCPCFC_00770			GBPCPCFC_00770-0
GBPCPCFC_00771	28211	8.70e-09	GBPCPCFC_00771-0
GBPCPCFC_00772	7184	5.53e-39	GBPCPCFC_00772-0
GBPCPCFC_00773	6656	1.52e-13	GBPCPCFC_00773-0
GBPCPCFC_00774	6656	3.79e-31	GBPCPCFC_00774-0
GBPCPCFC_00775	33340	3.89e-138	GBPCPCFC_00775-0
GBPCPCFC_00808			GBPCPCFC_00808-0
GBPCPCFC_00809			GBPCPCFC_00809-0
GBPCPCFC_00810	1969813	1.16e-10	GBPCPCFC_00810-0
GBPCPCFC_00811	131567	2.98e-85	GBPCPCFC_00811-0
GBPCPCFC_00812			GBPCPCFC_00812-0
GBPCPCFC_00813	287	2.63e-04	GBPCPCFC_00813-0
GBPCPCFC_00814			GBPCPCFC_00814-0
GBPCPCFC_00815			GBPCPCFC_00815-0
GBPCPCFC_00816			GBPCPCFC_00816-0
GBPCPCFC_00817			GBPCPCFC_00817-0
GBPCPCFC_00818	305	3.33e-04	GBPCPCFC_00818-0
GBPCPCFC_00819			GBPCPCFC_00819-0
GBPCPCFC_00820	131567	7.70e-104	GBPCPCFC_00820-0
GBPCPCFC_00821			GBPCPCFC_00821-0
GBPCPCFC_00822			GBPCPCFC_00822-0
GBPCPCFC_00823	2018661	1.21e-12	GBPCPCFC_00823-0
GBPCPCFC_00824	131567	3.85e-75	GBPCPCFC_00824-0
GBPCPCFC_00825	1206794	1.63e-07	GBPCPCFC_00825-0
GBPCPCFC_00826			GBPCPCFC_00826-0
GBPCPCFC_00827			GBPCPCFC_00827-0
GBPCPCFC_00828			GBPCPCFC_00828-0
GBPCPCFC_00829	131567	1.25e-86	GBPCPCFC_00829-0
GBPCPCFC_00830	131567	1.61e-69	GBPCPCFC_00830-0
GBPCPCFC_00831			GBPCPCFC_00831-0
GBPCPCFC_00832	1798265	4.21e-06	GBPCPCFC_00832-0
GBPCPCFC_00833			GBPCPCFC_00833-0
GBPCPCFC_00834			GBPCPCFC_00834-0
GBPCPCFC_00835	131567	1.49e-125	GBPCPCFC_00835-0
GBPCPCFC_00836	131567	5.32e-62	GBPCPCFC_00836-0
GBPCPCFC_00837			GBPCPCFC_00837-0
GBPCPCFC_00838			GBPCPCFC_00838-0
GBPCPCFC_00839	131567	2.17e-91	GBPCPCFC_00839-0
GBPCPCFC_00840	131567	1.06e-104	GBPCPCFC_00840-0
GBPCPCFC_00841			GBPCPCFC_00841-0
GBPCPCFC_00842	2832643	6.32e-12	GBPCPCFC_00842-0
GBPCPCFC_00843			GBPCPCFC_00843-0
GBPCPCFC_00844	10239	4.79e-57	GBPCPCFC_00844-0
GBPCPCFC_00845			GBPCPCFC_00845-0
GBPCPCFC_00846			GBPCPCFC_00846-0
GBPCPCFC_00847			GBPCPCFC_00847-0
GBPCPCFC_00848			GBPCPCFC_00848-0
GBPCPCFC_00849			GBPCPCFC_00849-0
GBPCPCFC_00850			GBPCPCFC_00850-0
GBPCPCFC_00851			GBPCPCFC_00851-0
GBPCPCFC_00852	10239	5.07e-209	GBPCPCFC_00852-0
GBPCPCFC_00853			GBPCPCFC_00853-0
GBPCPCFC_00854	131567	1.52e-148	GBPCPCFC_00854-0
GBPCPCFC_00855	131567	4.04e-155	GBPCPCFC_00855-0
GBPCPCFC_00856	1969813	3.61e-111	GBPCPCFC_00856-0
GBPCPCFC_00857			GBPCPCFC_00857-0
GBPCPCFC_00858	10239	3.37e-114	GBPCPCFC_00858-0
GBPCPCFC_00859	10239	1.03e-240	GBPCPCFC_00859-0
GBPCPCFC_00860			GBPCPCFC_00860-0
GBPCPCFC_00861			GBPCPCFC_00861-0
GBPCPCFC_00862			GBPCPCFC_00862-0
GBPCPCFC_00863			GBPCPCFC_00863-0
GBPCPCFC_00864	287	2.63e-04	GBPCPCFC_00864-0
GBPCPCFC_00865			GBPCPCFC_00865-0
GBPCPCFC_00866			GBPCPCFC_00866-0
GBPCPCFC_00867			GBPCPCFC_00867-0
GBPCPCFC_00868			GBPCPCFC_00868-0
GBPCPCFC_00869	305	9.04e-05	GBPCPCFC_00869-0
GBPCPCFC_00870	131567	1.31e-20	GBPCPCFC_00870-0
GBPCPCFC_00871			GBPCPCFC_00871-0
GBPCPCFC_00872			GBPCPCFC_00872-0
GBPCPCFC_00873	131567	2.40e-28	GBPCPCFC_00873-0
GBPCPCFC_00874			GBPCPCFC_00874-0
GBPCPCFC_00617	2878924	3.87e-09	GBPCPCFC_00617-0
GBPCPCFC_00618	2795736	2.08e-08	GBPCPCFC_00618-0
GBPCPCFC_00619	2	1.85e-17	GBPCPCFC_00619-0
GBPCPCFC_00620	2867440	4.79e-15	GBPCPCFC_00620-0
GBPCPCFC_00621	131567	6.50e-173	GBPCPCFC_00621-0
GBPCPCFC_00622	6656	1.21e-169	GBPCPCFC_00622-0
GBPCPCFC_00623	2	3.11e-49	GBPCPCFC_00623-0
GBPCPCFC_00624	2	1.00e-163	GBPCPCFC_00624-0
GBPCPCFC_00625	6656	1.54e-53	GBPCPCFC_00625-0
GBPCPCFC_00626			GBPCPCFC_00626-0
GBPCPCFC_00627	33340	4.16e-14	GBPCPCFC_00627-0
GBPCPCFC_00628	2	1.22e-66	GBPCPCFC_00628-0
GBPCPCFC_00629	953	3.24e-49	GBPCPCFC_00629-0
GBPCPCFC_00630	1224	4.62e-64	GBPCPCFC_00630-0
GBPCPCFC_00631	2878925	3.96e-25	GBPCPCFC_00631-0
GBPCPCFC_00632	7184	5.06e-05	GBPCPCFC_00632-0
GBPCPCFC_00633			GBPCPCFC_00633-0
GBPCPCFC_00634	2	4.49e-167	GBPCPCFC_00634-0
GBPCPCFC_00635	35572	1.04e-238	GBPCPCFC_00635-0
GBPCPCFC_00636			GBPCPCFC_00636-0
GBPCPCFC_00637	35572	6.69e-13	GBPCPCFC_00637-0
GBPCPCFC_00638	2	6.83e-157	GBPCPCFC_00638-0
GBPCPCFC_00639	28211	1.29e-32	GBPCPCFC_00639-0
GBPCPCFC_00640	766	5.77e-69	GBPCPCFC_00640-0
GBPCPCFC_00641	44747	1.37e-30	GBPCPCFC_00641-0
GBPCPCFC_00642	6656	1.18e-250	GBPCPCFC_00642-0
GBPCPCFC_00643	6656	8.04e-162	GBPCPCFC_00643-0
GBPCPCFC_00644	780	6.43e-21	GBPCPCFC_00644-0
GBPCPCFC_00645	2	1.22e-66	GBPCPCFC_00645-0
GBPCPCFC_00646	2698648	2.02e-06	GBPCPCFC_00646-0
GBPCPCFC_00647	780	6.62e-18	GBPCPCFC_00647-0
GBPCPCFC_00648	766	2.78e-18	GBPCPCFC_00648-0
GBPCPCFC_00649			GBPCPCFC_00649-0
GBPCPCFC_00650	780	0.0	GBPCPCFC_00650-0
GBPCPCFC_00651	775	8.29e-19	GBPCPCFC_00651-0
GBPCPCFC_00652	28211	1.51e-60	GBPCPCFC_00652-0
GBPCPCFC_00653	33392	2.81e-225	GBPCPCFC_00653-0
GBPCPCFC_00654	780	1.75e-194	GBPCPCFC_00654-0
GBPCPCFC_00655	6656	1.18e-250	GBPCPCFC_00655-0
GBPCPCFC_00656	780	2.39e-13	GBPCPCFC_00656-0
GBPCPCFC_00657	775	5.58e-146	GBPCPCFC_00657-0
GBPCPCFC_00658	35572	3.85e-184	GBPCPCFC_00658-0
GBPCPCFC_00659	35572	5.28e-129	GBPCPCFC_00659-0
GBPCPCFC_00660	7184	1.18e-45	GBPCPCFC_00660-0
GBPCPCFC_00661	2	4.28e-203	GBPCPCFC_00661-0
GBPCPCFC_00662			GBPCPCFC_00662-0
GBPCPCFC_00663	6656	1.18e-250	GBPCPCFC_00663-0
GBPCPCFC_00664	2867440	6.23e-117	GBPCPCFC_00664-0
GBPCPCFC_00665	2	4.95e-66	GBPCPCFC_00665-0
GBPCPCFC_00666	6656	2.06e-24	GBPCPCFC_00666-0
GBPCPCFC_00667	33988	1.25e-170	GBPCPCFC_00667-0
GBPCPCFC_00668	766	2.85e-94	GBPCPCFC_00668-0
GBPCPCFC_00669	6656	1.18e-250	GBPCPCFC_00669-0
GBPCPCFC_00670	7184	3.43e-94	GBPCPCFC_00670-0
GBPCPCFC_00671	197562	9.32e-04	GBPCPCFC_00671-0
GBPCPCFC_00672	33392	6.59e-15	GBPCPCFC_00672-0
GBPCPCFC_00673	2	1.20e-28	GBPCPCFC_00673-0
GBPCPCFC_00674	86105	3.45e-29	GBPCPCFC_00674-0
GBPCPCFC_00675	7184	5.74e-276	GBPCPCFC_00675-0
GBPCPCFC_00676	131567	7.95e-42	GBPCPCFC_00676-0
GBPCPCFC_00677	33988	2.56e-07	GBPCPCFC_00677-0
GBPCPCFC_00678	33317	3.31e-53	GBPCPCFC_00678-0
GBPCPCFC_00679	7184	1.38e-29	GBPCPCFC_00679-0
GBPCPCFC_00680	33392	1.30e-33	GBPCPCFC_00680-0
GBPCPCFC_00681	33340	1.38e-05	GBPCPCFC_00681-0
GBPCPCFC_00682	6656	5.20e-12	GBPCPCFC_00682-0
GBPCPCFC_00683	2	3.33e-08	GBPCPCFC_00683-0
GBPCPCFC_00684	2	1.08e-17	GBPCPCFC_00684-0
GBPCPCFC_00685			GBPCPCFC_00685-0
GBPCPCFC_00686			GBPCPCFC_00686-0
GBPCPCFC_00687	2	8.79e-63	GBPCPCFC_00687-0
GBPCPCFC_00688	2866165	9.37e-27	GBPCPCFC_00688-0
GBPCPCFC_00689	2866165	1.28e-26	GBPCPCFC_00689-0
GBPCPCFC_00690			GBPCPCFC_00690-0
GBPCPCFC_00691	6656	1.18e-250	GBPCPCFC_00691-0
GBPCPCFC_00001	33340	6.05e-06	GBPCPCFC_00001-0
GBPCPCFC_00002	2	6.52e-54	GBPCPCFC_00002-0
GBPCPCFC_00003	2	1.91e-25	GBPCPCFC_00003-0
GBPCPCFC_00004			GBPCPCFC_00004-0
GBPCPCFC_00005	131567	1.91e-07	GBPCPCFC_00005-0
GBPCPCFC_00006	2	2.42e-12	GBPCPCFC_00006-0
GBPCPCFC_00007			GBPCPCFC_00007-0
GBPCPCFC_00008	775	3.13e-27	GBPCPCFC_00008-0
GBPCPCFC_00009	780	1.79e-37	GBPCPCFC_00009-0
GBPCPCFC_00010			GBPCPCFC_00010-0
GBPCPCFC_00011	1961830	3.75e-231	GBPCPCFC_00011-0
GBPCPCFC_00012	775	1.88e-113	GBPCPCFC_00012-0
GBPCPCFC_00013	780	3.48e-41	GBPCPCFC_00013-0
GBPCPCFC_00014	2	5.68e-23	GBPCPCFC_00014-0
GBPCPCFC_00015	1977087	4.57e-04	GBPCPCFC_00015-0
GBPCPCFC_00016	2	2.41e-11	GBPCPCFC_00016-0
GBPCPCFC_00017	28211	1.31e-26	GBPCPCFC_00017-0
GBPCPCFC_00018	131567	3.37e-08	GBPCPCFC_00018-0
GBPCPCFC_00019	2026788	5.15e-41	GBPCPCFC_00019-0
GBPCPCFC_00020	780	2.36e-09	GBPCPCFC_00020-0
GBPCPCFC_00021	2	6.28e-49	GBPCPCFC_00021-0
GBPCPCFC_00022	2	1.36e-162	GBPCPCFC_00022-0
GBPCPCFC_00023	33340	2.27e-55	GBPCPCFC_00023-0
GBPCPCFC_00024	33988	2.23e-90	GBPCPCFC_00024-0
GBPCPCFC_00025	446	4.68e-04	GBPCPCFC_00025-0
GBPCPCFC_00026	445	0.0	GBPCPCFC_00026-0
GBPCPCFC_00027	6656	5.69e-174	GBPCPCFC_00027-0
GBPCPCFC_00028	131567	6.50e-173	GBPCPCFC_00028-0
GBPCPCFC_00029	33340	3.15e-58	GBPCPCFC_00029-0
GBPCPCFC_00030	1977087	0.0	GBPCPCFC_00030-0
GBPCPCFC_00031	33988	6.17e-36	GBPCPCFC_00031-0
GBPCPCFC_00032	780	8.28e-141	GBPCPCFC_00032-0
GBPCPCFC_00033	1068590	1.12e-43	GBPCPCFC_00033-0
GBPCPCFC_00034	780	1.18e-26	GBPCPCFC_00034-0
GBPCPCFC_00035	780	2.25e-49	GBPCPCFC_00035-0
GBPCPCFC_00036	2	5.12e-41	GBPCPCFC_00036-0
GBPCPCFC_00037	1913988	1.61e-18	GBPCPCFC_00037-0
GBPCPCFC_00038	2884482	8.55e-116	GBPCPCFC_00038-0
GBPCPCFC_00039	2	4.54e-33	GBPCPCFC_00039-0
GBPCPCFC_00040	2	2.38e-54	GBPCPCFC_00040-0
GBPCPCFC_00041	780	1.28e-157	GBPCPCFC_00041-0
GBPCPCFC_00042	780	2.04e-42	GBPCPCFC_00042-0
GBPCPCFC_00043	6656	1.18e-250	GBPCPCFC_00043-0
GBPCPCFC_00044	780	4.55e-20	GBPCPCFC_00044-0
GBPCPCFC_00045	2867440	2.04e-163	GBPCPCFC_00045-0
GBPCPCFC_00046	780	1.90e-51	GBPCPCFC_00046-0
GBPCPCFC_00047	6656	1.18e-250	GBPCPCFC_00047-0
GBPCPCFC_00048	33392	1.41e-17	GBPCPCFC_00048-0
GBPCPCFC_00049	775	1.56e-19	GBPCPCFC_00049-0
GBPCPCFC_00050	2867440	1.36e-14	GBPCPCFC_00050-0
GBPCPCFC_00051	2867440	1.41e-34	GBPCPCFC_00051-0
GBPCPCFC_00052	28211	2.00e-53	GBPCPCFC_00052-0
GBPCPCFC_00053	766	5.41e-65	GBPCPCFC_00053-0
GBPCPCFC_00054	2	6.98e-08	GBPCPCFC_00054-0
GBPCPCFC_00055			GBPCPCFC_00055-0
GBPCPCFC_00056	953	1.04e-237	GBPCPCFC_00056-0
GBPCPCFC_00057	2	1.35e-56	GBPCPCFC_00057-0
GBPCPCFC_00058	44747	4.66e-39	GBPCPCFC_00058-0
GBPCPCFC_00059	35572	3.29e-60	GBPCPCFC_00059-0
GBPCPCFC_00060	35572	3.25e-36	GBPCPCFC_00060-0
GBPCPCFC_00061	2	9.94e-66	GBPCPCFC_00061-0
GBPCPCFC_00062	35572	3.12e-141	GBPCPCFC_00062-0
GBPCPCFC_00063	2878921	1.07e-16	GBPCPCFC_00063-0
GBPCPCFC_00064	780	9.12e-44	GBPCPCFC_00064-0
GBPCPCFC_00065	780	1.98e-52	GBPCPCFC_00065-0
GBPCPCFC_00066	780	1.18e-15	GBPCPCFC_00066-0
GBPCPCFC_00067	6656	1.18e-250	GBPCPCFC_00067-0
GBPCPCFC_00068	780	2.31e-235	GBPCPCFC_00068-0
GBPCPCFC_00069	114277	8.35e-241	GBPCPCFC_00069-0
GBPCPCFC_00070	114277	3.35e-128	GBPCPCFC_00070-0
GBPCPCFC_00071	766	1.67e-35	GBPCPCFC_00071-0
GBPCPCFC_00072	766	2.90e-122	GBPCPCFC_00072-0
GBPCPCFC_00073	28211	4.72e-46	GBPCPCFC_00073-0
GBPCPCFC_00074	2	4.65e-77	GBPCPCFC_00074-0
GBPCPCFC_00075	2	9.94e-66	GBPCPCFC_00075-0
GBPCPCFC_00076	1224	2.23e-10	GBPCPCFC_00076-0
GBPCPCFC_00077	780	1.23e-51	GBPCPCFC_00077-0
GBPCPCFC_00078	2878922	6.28e-37	GBPCPCFC_00078-0
GBPCPCFC_00079	2759495	9.96e-04	GBPCPCFC_00079-0
GBPCPCFC_00080	44747	2.68e-42	GBPCPCFC_00080-0
GBPCPCFC_00081	2	6.58e-63	GBPCPCFC_00081-0
GBPCPCFC_00082	6656	1.18e-250	GBPCPCFC_00082-0
GBPCPCFC_00083	131567	1.31e-172	GBPCPCFC_00083-0
GBPCPCFC_00084	2	2.46e-10	GBPCPCFC_00084-0
GBPCPCFC_00085	780	1.55e-13	GBPCPCFC_00085-0
GBPCPCFC_00086	780	1.23e-05	GBPCPCFC_00086-0
GBPCPCFC_00087	2878922	0.0	GBPCPCFC_00087-0
GBPCPCFC_00088	2878922	1.17e-218	GBPCPCFC_00088-0
GBPCPCFC_00089	2	1.38e-08	GBPCPCFC_00089-0
GBPCPCFC_00090	2	1.20e-133	GBPCPCFC_00090-0
GBPCPCFC_00091	2	1.88e-42	GBPCPCFC_00091-0
GBPCPCFC_00092	2	1.10e-104	GBPCPCFC_00092-0
GBPCPCFC_00093	1913988	4.39e-08	GBPCPCFC_00093-0
GBPCPCFC_00094	2023360	0.0	GBPCPCFC_00094-0
GBPCPCFC_00095	1895735	5.22e-90	GBPCPCFC_00095-0
GBPCPCFC_00096	131567	2.60e-168	GBPCPCFC_00096-0
GBPCPCFC_00097			GBPCPCFC_00097-0
GBPCPCFC_00098	2878922	7.34e-237	GBPCPCFC_00098-0
GBPCPCFC_00099	2878922	8.86e-164	GBPCPCFC_00099-0
GBPCPCFC_00100	2878922	3.93e-78	GBPCPCFC_00100-0
GBPCPCFC_00101	2878922	2.74e-212	GBPCPCFC_00101-0
GBPCPCFC_00102	2878922	1.26e-172	GBPCPCFC_00102-0
GBPCPCFC_00103	114277	3.40e-71	GBPCPCFC_00103-0
GBPCPCFC_00104	780	3.51e-97	GBPCPCFC_00104-0
GBPCPCFC_00105	2	1.55e-31	GBPCPCFC_00105-0
GBPCPCFC_00106	2	1.22e-66	GBPCPCFC_00106-0
GBPCPCFC_00107	1224	1.29e-20	GBPCPCFC_00107-0
GBPCPCFC_00108	33317	6.78e-170	GBPCPCFC_00108-0
GBPCPCFC_00109	1224	1.19e-19	GBPCPCFC_00109-0
GBPCPCFC_00110	2	3.11e-49	GBPCPCFC_00110-0
GBPCPCFC_00111	2	9.30e-164	GBPCPCFC_00111-0
GBPCPCFC_00112	6656	1.52e-13	GBPCPCFC_00112-0
GBPCPCFC_00113	131567	6.50e-173	GBPCPCFC_00113-0
GBPCPCFC_00114	33340	1.28e-118	GBPCPCFC_00114-0
GBPCPCFC_00115	2	4.50e-110	GBPCPCFC_00115-0
GBPCPCFC_00116			GBPCPCFC_00116-0
GBPCPCFC_00117	2	1.89e-38	GBPCPCFC_00117-0
GBPCPCFC_00118	1961830	3.77e-08	GBPCPCFC_00118-0
GBPCPCFC_00119	775	1.54e-25	GBPCPCFC_00119-0
GBPCPCFC_00120			GBPCPCFC_00120-0
GBPCPCFC_00121	1961830	4.77e-10	GBPCPCFC_00121-0
GBPCPCFC_00122	1961830	7.11e-06	GBPCPCFC_00122-0
GBPCPCFC_00123			GBPCPCFC_00123-0
GBPCPCFC_00158			GBPCPCFC_00158-0
GBPCPCFC_00159			GBPCPCFC_00159-0
GBPCPCFC_00160	6656	1.29e-08	GBPCPCFC_00160-0
GBPCPCFC_00161	6656	6.98e-23	GBPCPCFC_00161-0
GBPCPCFC_00162	33340	2.44e-17	GBPCPCFC_00162-0
GBPCPCFC_00163	33392	1.25e-12	GBPCPCFC_00163-0
GBPCPCFC_00164	7184	2.15e-10	GBPCPCFC_00164-0
GBPCPCFC_00165	114277	6.27e-75	GBPCPCFC_00165-0
GBPCPCFC_00166	114277	1.52e-18	GBPCPCFC_00166-0
GBPCPCFC_00167	6656	9.31e-294	GBPCPCFC_00167-0
GBPCPCFC_00168	2	1.22e-66	GBPCPCFC_00168-0
GBPCPCFC_00169	6656	1.18e-250	GBPCPCFC_00169-0
GBPCPCFC_00170	33317	1.67e-139	GBPCPCFC_00170-0
GBPCPCFC_00171			GBPCPCFC_00171-0
GBPCPCFC_00172	2	1.26e-14	GBPCPCFC_00172-0
GBPCPCFC_00173	780	0.0	GBPCPCFC_00173-0
GBPCPCFC_00174	114277	2.09e-132	GBPCPCFC_00174-0
GBPCPCFC_00175	780	3.23e-24	GBPCPCFC_00175-0
GBPCPCFC_00176	780	2.25e-124	GBPCPCFC_00176-0
GBPCPCFC_00177	114277	4.45e-223	GBPCPCFC_00177-0
GBPCPCFC_00178	2	4.93e-66	GBPCPCFC_00178-0
GBPCPCFC_00179	780	3.70e-07	GBPCPCFC_00179-0
GBPCPCFC_00180	114277	6.81e-68	GBPCPCFC_00180-0
GBPCPCFC_00181	114277	9.09e-43	GBPCPCFC_00181-0
GBPCPCFC_00182	780	0.0	GBPCPCFC_00182-0
GBPCPCFC_00183			GBPCPCFC_00183-0
GBPCPCFC_00184	114277	6.94e-90	GBPCPCFC_00184-0
GBPCPCFC_00185	780	1.82e-37	GBPCPCFC_00185-0
GBPCPCFC_00186	766	4.34e-65	GBPCPCFC_00186-0
GBPCPCFC_00187	780	5.62e-16	GBPCPCFC_00187-0
GBPCPCFC_00188	2021370	2.71e-13	GBPCPCFC_00188-0
GBPCPCFC_00189	780	0.0	GBPCPCFC_00189-0
GBPCPCFC_00190	2	1.67e-36	GBPCPCFC_00190-0
GBPCPCFC_00191	2866308	1.49e-87	GBPCPCFC_00191-0
GBPCPCFC_00192	2	1.22e-66	GBPCPCFC_00192-0
GBPCPCFC_00193	2866308	7.34e-101	GBPCPCFC_00193-0
GBPCPCFC_00194	33988	1.05e-101	GBPCPCFC_00194-0
GBPCPCFC_00195	33340	2.71e-96	GBPCPCFC_00195-0
GBPCPCFC_00196	6656	3.84e-102	GBPCPCFC_00196-0
GBPCPCFC_00197	131567	6.11e-171	GBPCPCFC_00197-0
GBPCPCFC_00198	6656	1.66e-56	GBPCPCFC_00198-0
GBPCPCFC_00199			GBPCPCFC_00199-0
GBPCPCFC_00200			GBPCPCFC_00200-0
GBPCPCFC_00201	780	6.93e-135	GBPCPCFC_00201-0
GBPCPCFC_00202	780	8.39e-237	GBPCPCFC_00202-0
GBPCPCFC_00203	2	1.22e-66	GBPCPCFC_00203-0
GBPCPCFC_00204	6656	1.52e-13	GBPCPCFC_00204-0
GBPCPCFC_00205	780	3.39e-229	GBPCPCFC_00205-0
GBPCPCFC_00206	2	1.22e-66	GBPCPCFC_00206-0
GBPCPCFC_00207			GBPCPCFC_00207-0
GBPCPCFC_00208			GBPCPCFC_00208-0
GBPCPCFC_00209	780	1.61e-38	GBPCPCFC_00209-0
GBPCPCFC_00210	7184	0.0	GBPCPCFC_00210-0
GBPCPCFC_00211	7184	3.27e-112	GBPCPCFC_00211-0
GBPCPCFC_00212	7184	9.12e-157	GBPCPCFC_00212-0
GBPCPCFC_00213	780	2.23e-161	GBPCPCFC_00213-0
GBPCPCFC_00214	780	8.60e-113	GBPCPCFC_00214-0
GBPCPCFC_00215	780	2.57e-309	GBPCPCFC_00215-0
GBPCPCFC_00216	780	3.63e-157	GBPCPCFC_00216-0
GBPCPCFC_00217	780	2.30e-230	GBPCPCFC_00217-0
GBPCPCFC_00218			GBPCPCFC_00218-0
GBPCPCFC_00219	780	2.61e-69	GBPCPCFC_00219-0
GBPCPCFC_00220	2878921	5.08e-04	GBPCPCFC_00220-0
GBPCPCFC_00221	780	2.49e-26	GBPCPCFC_00221-0
GBPCPCFC_00222	780	3.07e-175	GBPCPCFC_00222-0
GBPCPCFC_00223	33317	4.50e-106	GBPCPCFC_00223-0
GBPCPCFC_00224	6656	1.18e-250	GBPCPCFC_00224-0
GBPCPCFC_00225			GBPCPCFC_00225-0
GBPCPCFC_00226	1629334	1.26e-04	GBPCPCFC_00226-0
GBPCPCFC_00227	6656	1.18e-250	GBPCPCFC_00227-0
GBPCPCFC_00228	780	0.0	GBPCPCFC_00228-0
GBPCPCFC_00229	114277	7.29e-103	GBPCPCFC_00229-0
GBPCPCFC_00230	114277	1.26e-129	GBPCPCFC_00230-0
GBPCPCFC_00231	6656	1.18e-250	GBPCPCFC_00231-0
GBPCPCFC_00232	114277	3.36e-187	GBPCPCFC_00232-0
GBPCPCFC_00233	33392	1.38e-04	GBPCPCFC_00233-0
GBPCPCFC_00234	2021370	8.33e-05	GBPCPCFC_00234-0
GBPCPCFC_00235	780	0.0	GBPCPCFC_00235-0
GBPCPCFC_00236	114277	2.28e-25	GBPCPCFC_00236-0
GBPCPCFC_00237	114277	3.19e-29	GBPCPCFC_00237-0
GBPCPCFC_00238	114277	1.98e-24	GBPCPCFC_00238-0
GBPCPCFC_00239	114277	8.98e-22	GBPCPCFC_00239-0
GBPCPCFC_00240	114277	1.56e-17	GBPCPCFC_00240-0
GBPCPCFC_00241	114277	1.73e-65	GBPCPCFC_00241-0
GBPCPCFC_00242	780	4.24e-304	GBPCPCFC_00242-0
GBPCPCFC_00243	1224	6.52e-39	GBPCPCFC_00243-0
GBPCPCFC_00244	1224	5.83e-06	GBPCPCFC_00244-0
GBPCPCFC_00245	2	2.02e-15	GBPCPCFC_00245-0
GBPCPCFC_00246	6656	1.18e-250	GBPCPCFC_00246-0
GBPCPCFC_00247	780	3.78e-185	GBPCPCFC_00247-0
GBPCPCFC_00248	780	6.55e-153	GBPCPCFC_00248-0
GBPCPCFC_00249	780	1.01e-48	GBPCPCFC_00249-0
GBPCPCFC_00250	780	0.0	GBPCPCFC_00250-0
GBPCPCFC_00251	780	1.43e-130	GBPCPCFC_00251-0
GBPCPCFC_00252	7184	1.54e-182	GBPCPCFC_00252-0
GBPCPCFC_00253	35572	9.10e-24	GBPCPCFC_00253-0
GBPCPCFC_00254	1234261	1.14e-65	GBPCPCFC_00254-0
GBPCPCFC_00255	780	1.15e-114	GBPCPCFC_00255-0
GBPCPCFC_00256	7184	2.32e-137	GBPCPCFC_00256-0
GBPCPCFC_00257			GBPCPCFC_00257-0
GBPCPCFC_00258	7184	0.0	GBPCPCFC_00258-0
GBPCPCFC_00259	780	2.99e-156	GBPCPCFC_00259-0
GBPCPCFC_00260			GBPCPCFC_00260-0
GBPCPCFC_00261			GBPCPCFC_00261-0
GBPCPCFC_00262	2	1.21e-66	GBPCPCFC_00262-0
GBPCPCFC_00263			GBPCPCFC_00263-0
GBPCPCFC_00264	780	6.58e-204	GBPCPCFC_00264-0
GBPCPCFC_00265			GBPCPCFC_00265-0
GBPCPCFC_00266	7184	1.08e-266	GBPCPCFC_00266-0
GBPCPCFC_00267	7184	3.34e-219	GBPCPCFC_00267-0
GBPCPCFC_00268	33317	6.74e-103	GBPCPCFC_00268-0
GBPCPCFC_00269			GBPCPCFC_00269-0
GBPCPCFC_00270			GBPCPCFC_00270-0
GBPCPCFC_00271	780	0.0	GBPCPCFC_00271-0
GBPCPCFC_00272	780	1.06e-54	GBPCPCFC_00272-0
GBPCPCFC_00273	780	8.64e-90	GBPCPCFC_00273-0
GBPCPCFC_00274	7184	1.94e-183	GBPCPCFC_00274-0
GBPCPCFC_00275	780	6.52e-153	GBPCPCFC_00275-0
GBPCPCFC_00276	2	1.21e-66	GBPCPCFC_00276-0
GBPCPCFC_00277			GBPCPCFC_00277-0
GBPCPCFC_00278			GBPCPCFC_00278-0
GBPCPCFC_00279	1867952	9.24e-07	GBPCPCFC_00279-0
GBPCPCFC_00280	114277	3.26e-220	GBPCPCFC_00280-0
GBPCPCFC_00281	780	1.98e-80	GBPCPCFC_00281-0
GBPCPCFC_00282	33340	1.02e-98	GBPCPCFC_00282-0
GBPCPCFC_00283	6656	8.75e-105	GBPCPCFC_00283-0
GBPCPCFC_00284	114277	8.09e-145	GBPCPCFC_00284-0
GBPCPCFC_00285	780	0.0	GBPCPCFC_00285-0
GBPCPCFC_00286	2	3.82e-11	GBPCPCFC_00286-0
GBPCPCFC_00287			GBPCPCFC_00287-0
GBPCPCFC_00288	33317	2.32e-41	GBPCPCFC_00288-0
GBPCPCFC_00289	7184	4.20e-09	GBPCPCFC_00289-0
GBPCPCFC_00290	6656	5.54e-241	GBPCPCFC_00290-0
GBPCPCFC_00291	33317	5.41e-92	GBPCPCFC_00291-0
GBPCPCFC_00292	780	2.24e-71	GBPCPCFC_00292-0
GBPCPCFC_00293	114277	0.0	GBPCPCFC_00293-0
GBPCPCFC_00294			GBPCPCFC_00294-0
GBPCPCFC_00295	7184	1.97e-189	GBPCPCFC_00295-0
GBPCPCFC_00296	7184	6.58e-295	GBPCPCFC_00296-0
GBPCPCFC_00297			GBPCPCFC_00297-0
GBPCPCFC_00298	7184	8.97e-106	GBPCPCFC_00298-0
GBPCPCFC_00299	780	1.57e-74	GBPCPCFC_00299-0
GBPCPCFC_00300	775	2.44e-26	GBPCPCFC_00300-0
GBPCPCFC_00301	780	3.34e-108	GBPCPCFC_00301-0
GBPCPCFC_00302	7184	1.01e-97	GBPCPCFC_00302-0
GBPCPCFC_00303	33317	0.0	GBPCPCFC_00303-0
GBPCPCFC_00304	6656	5.70e-37	GBPCPCFC_00304-0
GBPCPCFC_00305	7184	8.78e-76	GBPCPCFC_00305-0
GBPCPCFC_00306	7184	0.0	GBPCPCFC_00306-0
GBPCPCFC_00307	7184	2.49e-135	GBPCPCFC_00307-0
GBPCPCFC_00308	1224	1.70e-97	GBPCPCFC_00308-0
GBPCPCFC_00309	7184	0.0	GBPCPCFC_00309-0
GBPCPCFC_00310	7184	9.34e-32	GBPCPCFC_00310-0
GBPCPCFC_00311	7184	4.68e-160	GBPCPCFC_00311-0
GBPCPCFC_00312	33317	1.22e-159	GBPCPCFC_00312-0
GBPCPCFC_00313	780	2.62e-117	GBPCPCFC_00313-0
GBPCPCFC_00314	7184	6.45e-165	GBPCPCFC_00314-0
GBPCPCFC_00315	780	1.14e-154	GBPCPCFC_00315-0
GBPCPCFC_00316	780	7.95e-87	GBPCPCFC_00316-0
GBPCPCFC_00317	7184	0.0	GBPCPCFC_00317-0
GBPCPCFC_00318	1224	8.47e-69	GBPCPCFC_00318-0
GBPCPCFC_00319	7184	0.0	GBPCPCFC_00319-0
GBPCPCFC_00320	780	1.48e-171	GBPCPCFC_00320-0
GBPCPCFC_00321	780	6.16e-13	GBPCPCFC_00321-0
GBPCPCFC_00322	7184	3.17e-264	GBPCPCFC_00322-0
GBPCPCFC_00323	7184	8.29e-183	GBPCPCFC_00323-0
GBPCPCFC_00324	780	2.02e-57	GBPCPCFC_00324-0
GBPCPCFC_00325	33988	6.73e-26	GBPCPCFC_00325-0
GBPCPCFC_00326	2761623	1.41e-130	GBPCPCFC_00326-0
GBPCPCFC_00327	6656	4.81e-250	GBPCPCFC_00327-0
GBPCPCFC_00328	953	1.03e-52	GBPCPCFC_00328-0
GBPCPCFC_00329	780	1.43e-106	GBPCPCFC_00329-0
GBPCPCFC_00330	2	1.21e-66	GBPCPCFC_00330-0
GBPCPCFC_00331	6656	5.41e-248	GBPCPCFC_00331-0
GBPCPCFC_00332	1224	2.73e-86	GBPCPCFC_00332-0
GBPCPCFC_00333			GBPCPCFC_00333-0
GBPCPCFC_00334	2698648	1.22e-151	GBPCPCFC_00334-0
GBPCPCFC_00335	35572	2.04e-150	GBPCPCFC_00335-0
GBPCPCFC_00336	780	3.90e-43	GBPCPCFC_00336-0
GBPCPCFC_00337	780	3.92e-103	GBPCPCFC_00337-0
GBPCPCFC_00338			GBPCPCFC_00338-0
GBPCPCFC_00339	780	5.19e-19	GBPCPCFC_00339-0
GBPCPCFC_00340	33392	5.74e-276	GBPCPCFC_00340-0
GBPCPCFC_00341	780	1.37e-16	GBPCPCFC_00341-0
GBPCPCFC_00342	780	6.12e-152	GBPCPCFC_00342-0
GBPCPCFC_00343	780	2.24e-150	GBPCPCFC_00343-0
GBPCPCFC_00344	780	9.95e-159	GBPCPCFC_00344-0
GBPCPCFC_00345			GBPCPCFC_00345-0
GBPCPCFC_00346	2	9.39e-159	GBPCPCFC_00346-0
GBPCPCFC_00347			GBPCPCFC_00347-0
GBPCPCFC_00348	7184	2.09e-35	GBPCPCFC_00348-0
GBPCPCFC_00349	780	5.46e-85	GBPCPCFC_00349-0
GBPCPCFC_00350			GBPCPCFC_00350-0
GBPCPCFC_00351			GBPCPCFC_00351-0
GBPCPCFC_00352	780	5.84e-60	GBPCPCFC_00352-0
GBPCPCFC_00353			GBPCPCFC_00353-0
GBPCPCFC_00354	6656	0.0	GBPCPCFC_00354-0
GBPCPCFC_00355	780	4.10e-137	GBPCPCFC_00355-0
GBPCPCFC_00356	7184	3.54e-167	GBPCPCFC_00356-0
GBPCPCFC_00357	7184	5.60e-122	GBPCPCFC_00357-0
GBPCPCFC_00358	780	3.19e-109	GBPCPCFC_00358-0
GBPCPCFC_00359			GBPCPCFC_00359-0
GBPCPCFC_00360	7184	1.84e-96	GBPCPCFC_00360-0
GBPCPCFC_00361			GBPCPCFC_00361-0
GBPCPCFC_00362	780	0.0	GBPCPCFC_00362-0
GBPCPCFC_00363	7184	0.0	GBPCPCFC_00363-0
GBPCPCFC_00364	7184	1.32e-134	GBPCPCFC_00364-0
GBPCPCFC_00365	2878921	7.20e-16	GBPCPCFC_00365-0
GBPCPCFC_00366	2762512	3.10e-37	GBPCPCFC_00366-0
GBPCPCFC_00367	7184	3.93e-32	GBPCPCFC_00367-0
GBPCPCFC_00368	33317	6.23e-44	GBPCPCFC_00368-0
GBPCPCFC_00369	7184	3.91e-19	GBPCPCFC_00369-0
GBPCPCFC_00370	33317	1.30e-52	GBPCPCFC_00370-0
GBPCPCFC_00371	33317	1.83e-44	GBPCPCFC_00371-0
GBPCPCFC_00372	780	4.30e-67	GBPCPCFC_00372-0
GBPCPCFC_00373	33340	1.08e-07	GBPCPCFC_00373-0
GBPCPCFC_00374	33317	0.0	GBPCPCFC_00374-0
GBPCPCFC_00375			GBPCPCFC_00375-0
GBPCPCFC_00376	780	1.80e-122	GBPCPCFC_00376-0
GBPCPCFC_00377	7184	1.18e-308	GBPCPCFC_00377-0
GBPCPCFC_00378	2878922	3.40e-20	GBPCPCFC_00378-0
GBPCPCFC_00379	780	8.40e-151	GBPCPCFC_00379-0
GBPCPCFC_00380	780	1.03e-46	GBPCPCFC_00380-0
GBPCPCFC_00381			GBPCPCFC_00381-0
GBPCPCFC_00382			GBPCPCFC_00382-0
GBPCPCFC_00383	2	1.56e-127	GBPCPCFC_00383-0
GBPCPCFC_00384			GBPCPCFC_00384-0
GBPCPCFC_00385	7184	8.84e-201	GBPCPCFC_00385-0
GBPCPCFC_00386	780	4.47e-210	GBPCPCFC_00386-0
GBPCPCFC_00387			GBPCPCFC_00387-0
GBPCPCFC_00388	7184	8.72e-225	GBPCPCFC_00388-0
GBPCPCFC_00389	780	4.76e-205	GBPCPCFC_00389-0
GBPCPCFC_00390	780	2.99e-185	GBPCPCFC_00390-0
GBPCPCFC_00391	780	3.87e-101	GBPCPCFC_00391-0
GBPCPCFC_00392	780	4.49e-249	GBPCPCFC_00392-0
GBPCPCFC_00393	7184	1.67e-45	GBPCPCFC_00393-0
GBPCPCFC_00394	780	1.87e-40	GBPCPCFC_00394-0
GBPCPCFC_00395	780	9.14e-80	GBPCPCFC_00395-0
GBPCPCFC_00396	780	3.22e-64	GBPCPCFC_00396-0
GBPCPCFC_00397	7184	1.12e-143	GBPCPCFC_00397-0
GBPCPCFC_00398	2053586	6.23e-04	GBPCPCFC_00398-0
GBPCPCFC_00399			GBPCPCFC_00399-0
GBPCPCFC_00400	6656	2.68e-77	GBPCPCFC_00400-0
GBPCPCFC_00401	780	0.0	GBPCPCFC_00401-0
GBPCPCFC_00402	780	1.08e-37	GBPCPCFC_00402-0
GBPCPCFC_00403			GBPCPCFC_00403-0
GBPCPCFC_00404	33392	1.85e-09	GBPCPCFC_00404-0
GBPCPCFC_00405	780	2.01e-81	GBPCPCFC_00405-0
GBPCPCFC_00406	7184	5.00e-163	GBPCPCFC_00406-0
GBPCPCFC_00407	7184	2.53e-173	GBPCPCFC_00407-0
GBPCPCFC_00408	780	2.15e-157	GBPCPCFC_00408-0
GBPCPCFC_00409	7184	3.80e-97	GBPCPCFC_00409-0
GBPCPCFC_00410	2878922	7.30e-58	GBPCPCFC_00410-0
GBPCPCFC_00411	780	1.12e-111	GBPCPCFC_00411-0
GBPCPCFC_00412	2	2.01e-33	GBPCPCFC_00412-0
GBPCPCFC_00413	1224	2.13e-29	GBPCPCFC_00413-0
GBPCPCFC_00414	780	4.93e-82	GBPCPCFC_00414-0
GBPCPCFC_00415	780	2.60e-92	GBPCPCFC_00415-0
GBPCPCFC_00416	780	3.47e-118	GBPCPCFC_00416-0
GBPCPCFC_00417	780	4.61e-70	GBPCPCFC_00417-0
GBPCPCFC_00418	780	5.66e-31	GBPCPCFC_00418-0
GBPCPCFC_00419	7184	6.08e-179	GBPCPCFC_00419-0
GBPCPCFC_00420	780	9.14e-09	GBPCPCFC_00420-0
GBPCPCFC_00421	780	1.28e-33	GBPCPCFC_00421-0
GBPCPCFC_00422	780	5.76e-260	GBPCPCFC_00422-0
GBPCPCFC_00423	780	0.0	GBPCPCFC_00423-0
GBPCPCFC_00424	780	3.53e-95	GBPCPCFC_00424-0
GBPCPCFC_00425	7184	1.58e-273	GBPCPCFC_00425-0
GBPCPCFC_00426	780	3.92e-102	GBPCPCFC_00426-0
GBPCPCFC_00427	780	5.33e-98	GBPCPCFC_00427-0
GBPCPCFC_00428	7184	8.86e-50	GBPCPCFC_00428-0
GBPCPCFC_00429	7184	1.39e-139	GBPCPCFC_00429-0
GBPCPCFC_00430	780	3.18e-145	GBPCPCFC_00430-0
GBPCPCFC_00431	780	1.47e-168	GBPCPCFC_00431-0
GBPCPCFC_00432			GBPCPCFC_00432-0
GBPCPCFC_00433	780	1.96e-281	GBPCPCFC_00433-0
GBPCPCFC_00434	780	6.95e-53	GBPCPCFC_00434-0
GBPCPCFC_00435	7184	0.0	GBPCPCFC_00435-0
GBPCPCFC_00436	33392	3.73e-199	GBPCPCFC_00436-0
GBPCPCFC_00437	780	6.78e-74	GBPCPCFC_00437-0
GBPCPCFC_00438	2759	1.62e-49	GBPCPCFC_00438-0
GBPCPCFC_00439	1150469	1.55e-04	GBPCPCFC_00439-0
GBPCPCFC_00440	780	2.44e-59	GBPCPCFC_00440-0
GBPCPCFC_00441	2	1.21e-66	GBPCPCFC_00441-0
GBPCPCFC_00442	780	1.93e-107	GBPCPCFC_00442-0
GBPCPCFC_00443	775	2.93e-294	GBPCPCFC_00443-0
GBPCPCFC_00444			GBPCPCFC_00444-0
GBPCPCFC_00445	114277	3.18e-123	GBPCPCFC_00445-0
GBPCPCFC_00446	1359197	5.95e-110	GBPCPCFC_00446-0
GBPCPCFC_00447	766	1.63e-66	GBPCPCFC_00447-0
GBPCPCFC_00448	114277	8.95e-22	GBPCPCFC_00448-0
GBPCPCFC_00449	780	0.0	GBPCPCFC_00449-0
GBPCPCFC_00450	2	1.66e-14	GBPCPCFC_00450-0
GBPCPCFC_00451			GBPCPCFC_00451-0
GBPCPCFC_00452	1462938	1.70e-20	GBPCPCFC_00452-0
GBPCPCFC_00453	780	2.66e-159	GBPCPCFC_00453-0
GBPCPCFC_00454	131567	6.50e-173	GBPCPCFC_00454-0
GBPCPCFC_00455	6656	2.99e-288	GBPCPCFC_00455-0
GBPCPCFC_00456	2	9.98e-66	GBPCPCFC_00456-0
GBPCPCFC_00457	114277	6.95e-294	GBPCPCFC_00457-0
GBPCPCFC_00458	766	2.24e-64	GBPCPCFC_00458-0
GBPCPCFC_00459	1679167	9.35e-04	GBPCPCFC_00459-0
GBPCPCFC_00460	131567	6.50e-173	GBPCPCFC_00460-0
GBPCPCFC_00461			GBPCPCFC_00461-0
GBPCPCFC_00462	780	3.36e-309	GBPCPCFC_00462-0
GBPCPCFC_00463	2	3.18e-05	GBPCPCFC_00463-0
GBPCPCFC_00464	1961830	2.34e-191	GBPCPCFC_00464-0
GBPCPCFC_00465	780	9.71e-220	GBPCPCFC_00465-0
GBPCPCFC_00466	114277	1.29e-153	GBPCPCFC_00466-0
GBPCPCFC_00467	114277	3.24e-81	GBPCPCFC_00467-0
GBPCPCFC_00468	6656	1.18e-250	GBPCPCFC_00468-0
GBPCPCFC_00469	114277	9.88e-13	GBPCPCFC_00469-0
GBPCPCFC_00470	6656	1.34e-25	GBPCPCFC_00470-0
GBPCPCFC_00471	1913988	1.00e-47	GBPCPCFC_00471-0
GBPCPCFC_00472	780	5.41e-61	GBPCPCFC_00472-0
GBPCPCFC_00473	204428	2.43e-11	GBPCPCFC_00473-0
GBPCPCFC_00474	33317	4.47e-06	GBPCPCFC_00474-0
GBPCPCFC_00475	334545	1.17e-60	GBPCPCFC_00475-0
GBPCPCFC_00476	131567	6.50e-173	GBPCPCFC_00476-0
GBPCPCFC_00477	334545	5.30e-38	GBPCPCFC_00477-0
GBPCPCFC_00478	334545	3.63e-48	GBPCPCFC_00478-0
GBPCPCFC_00479	114277	1.70e-225	GBPCPCFC_00479-0
GBPCPCFC_00480	334545	3.59e-06	GBPCPCFC_00480-0
GBPCPCFC_00481	780	5.38e-80	GBPCPCFC_00481-0
GBPCPCFC_00482	6656	1.18e-250	GBPCPCFC_00482-0
GBPCPCFC_00483	114277	0.0	GBPCPCFC_00483-0
GBPCPCFC_00484	114277	1.56e-23	GBPCPCFC_00484-0
GBPCPCFC_00485	780	2.38e-65	GBPCPCFC_00485-0
GBPCPCFC_00486	780	6.47e-91	GBPCPCFC_00486-0
GBPCPCFC_00487	114277	7.20e-26	GBPCPCFC_00487-0
GBPCPCFC_00488	114277	3.74e-73	GBPCPCFC_00488-0
GBPCPCFC_00489	2	1.76e-315	GBPCPCFC_00489-0
GBPCPCFC_00490	780	2.83e-39	GBPCPCFC_00490-0
GBPCPCFC_00491	775	8.96e-62	GBPCPCFC_00491-0
GBPCPCFC_00492	1224	8.01e-74	GBPCPCFC_00492-0
GBPCPCFC_00493	114277	1.71e-113	GBPCPCFC_00493-0
GBPCPCFC_00494	780	3.51e-97	GBPCPCFC_00494-0
GBPCPCFC_00495	114277	3.10e-31	GBPCPCFC_00495-0
GBPCPCFC_00496	780	0.0	GBPCPCFC_00496-0
GBPCPCFC_00497	1224	5.20e-23	GBPCPCFC_00497-0
GBPCPCFC_00498	6656	1.38e-249	GBPCPCFC_00498-0
GBPCPCFC_00499	6656	1.66e-45	GBPCPCFC_00499-0
GBPCPCFC_00500	28211	1.51e-60	GBPCPCFC_00500-0
GBPCPCFC_00501	775	8.29e-19	GBPCPCFC_00501-0
GBPCPCFC_00502	780	1.24e-157	GBPCPCFC_00502-0
GBPCPCFC_00503	2	4.26e-04	GBPCPCFC_00503-0
GBPCPCFC_00504	131567	1.23e-170	GBPCPCFC_00504-0
GBPCPCFC_00505	6656	1.18e-250	GBPCPCFC_00505-0
GBPCPCFC_00506	114277	6.95e-294	GBPCPCFC_00506-0
GBPCPCFC_00507	775	8.29e-19	GBPCPCFC_00507-0
GBPCPCFC_00508	28211	1.51e-60	GBPCPCFC_00508-0
GBPCPCFC_00509	33392	3.60e-150	GBPCPCFC_00509-0
GBPCPCFC_00510	6656	1.18e-250	GBPCPCFC_00510-0
GBPCPCFC_00511	33392	2.59e-69	GBPCPCFC_00511-0
GBPCPCFC_00512	2	9.98e-66	GBPCPCFC_00512-0
GBPCPCFC_00513	114277	0.0	GBPCPCFC_00513-0
GBPCPCFC_00514	1462938	1.70e-20	GBPCPCFC_00514-0
GBPCPCFC_00515			GBPCPCFC_00515-0
GBPCPCFC_00516			GBPCPCFC_00516-0
GBPCPCFC_00517	6656	1.18e-250	GBPCPCFC_00517-0
GBPCPCFC_00518	114277	2.08e-80	GBPCPCFC_00518-0
GBPCPCFC_00519	780	7.06e-222	GBPCPCFC_00519-0
GBPCPCFC_00520	44747	8.25e-36	GBPCPCFC_00520-0
GBPCPCFC_00521	780	7.33e-38	GBPCPCFC_00521-0
GBPCPCFC_00522	6656	2.66e-247	GBPCPCFC_00522-0
GBPCPCFC_00523	780	0.0	GBPCPCFC_00523-0
GBPCPCFC_00524	114277	5.97e-58	GBPCPCFC_00524-0
GBPCPCFC_00525	2	1.22e-66	GBPCPCFC_00525-0
GBPCPCFC_00526	2	1.01e-18	GBPCPCFC_00526-0
GBPCPCFC_00527	780	1.12e-89	GBPCPCFC_00527-0
GBPCPCFC_00528	780	0.0	GBPCPCFC_00528-0
GBPCPCFC_00529	2	6.47e-06	GBPCPCFC_00529-0
GBPCPCFC_00530	6656	1.18e-250	GBPCPCFC_00530-0
GBPCPCFC_00531	953	7.14e-228	GBPCPCFC_00531-0
GBPCPCFC_00532	780	3.46e-60	GBPCPCFC_00532-0
GBPCPCFC_00533	2866307	5.10e-25	GBPCPCFC_00533-0
GBPCPCFC_00534	780	5.09e-86	GBPCPCFC_00534-0
GBPCPCFC_00535	1961830	1.72e-209	GBPCPCFC_00535-0
GBPCPCFC_00536	6656	9.08e-110	GBPCPCFC_00536-0
GBPCPCFC_00537	33340	6.18e-15	GBPCPCFC_00537-0
GBPCPCFC_00538	33392	1.70e-19	GBPCPCFC_00538-0
GBPCPCFC_00914	6656	3.37e-195	GBPCPCFC_00914-0
GBPCPCFC_00915			GBPCPCFC_00915-0
GBPCPCFC_00916	2	1.90e-54	GBPCPCFC_00916-0
GBPCPCFC_00917	114277	0.0	GBPCPCFC_00917-0
GBPCPCFC_00918	780	1.06e-23	GBPCPCFC_00918-0
GBPCPCFC_00919	6656	1.18e-250	GBPCPCFC_00919-0
GBPCPCFC_00920	2026799	8.90e-32	GBPCPCFC_00920-0
GBPCPCFC_00921	28211	9.40e-46	GBPCPCFC_00921-0
GBPCPCFC_00922	2	1.48e-120	GBPCPCFC_00922-0
GBPCPCFC_00923	6656	1.18e-250	GBPCPCFC_00923-0
GBPCPCFC_00924	131567	6.50e-173	GBPCPCFC_00924-0
GBPCPCFC_00925	780	0.0	GBPCPCFC_00925-0
GBPCPCFC_00926	114277	1.29e-27	GBPCPCFC_00926-0
GBPCPCFC_00927	2878923	6.36e-25	GBPCPCFC_00927-0
GBPCPCFC_00928	780	1.86e-184	GBPCPCFC_00928-0
GBPCPCFC_00929	2	9.94e-66	GBPCPCFC_00929-0
GBPCPCFC_00930	33988	4.20e-256	GBPCPCFC_00930-0
GBPCPCFC_00931	6656	1.18e-250	GBPCPCFC_00931-0
GBPCPCFC_00932	33988	1.05e-37	GBPCPCFC_00932-0
GBPCPCFC_00933	780	1.36e-272	GBPCPCFC_00933-0
GBPCPCFC_00934	780	1.55e-111	GBPCPCFC_00934-0
GBPCPCFC_00935	780	4.21e-226	GBPCPCFC_00935-0
GBPCPCFC_00936	780	4.00e-37	GBPCPCFC_00936-0
GBPCPCFC_00937	780	3.81e-47	GBPCPCFC_00937-0
GBPCPCFC_00938	780	3.32e-220	GBPCPCFC_00938-0
GBPCPCFC_00939	780	9.22e-77	GBPCPCFC_00939-0
GBPCPCFC_00940	2	1.22e-66	GBPCPCFC_00940-0
GBPCPCFC_00941	6656	1.18e-250	GBPCPCFC_00941-0
GBPCPCFC_00942	114277	5.12e-185	GBPCPCFC_00942-0
GBPCPCFC_00943	2	1.21e-66	GBPCPCFC_00943-0
GBPCPCFC_00944	114277	2.57e-280	GBPCPCFC_00944-0
GBPCPCFC_00945	114277	4.33e-279	GBPCPCFC_00945-0
GBPCPCFC_00946	114277	0.0	GBPCPCFC_00946-0
GBPCPCFC_00947	444612	8.16e-12	GBPCPCFC_00947-0
GBPCPCFC_00948	114277	8.21e-74	GBPCPCFC_00948-0
GBPCPCFC_00949	780	1.01e-31	GBPCPCFC_00949-0
GBPCPCFC_00950	6656	2.04e-98	GBPCPCFC_00950-0
GBPCPCFC_00951	114277	1.35e-136	GBPCPCFC_00951-0
GBPCPCFC_00952	780	0.0	GBPCPCFC_00952-0
GBPCPCFC_00953	2021370	2.81e-14	GBPCPCFC_00953-0
GBPCPCFC_00954	2	1.21e-66	GBPCPCFC_00954-0
GBPCPCFC_00955	114277	3.29e-119	GBPCPCFC_00955-0
GBPCPCFC_00956	780	6.95e-146	GBPCPCFC_00956-0
GBPCPCFC_00957	6656	6.54e-248	GBPCPCFC_00957-0
GBPCPCFC_00958	766	2.99e-42	GBPCPCFC_00958-0
GBPCPCFC_00959	2878924	1.71e-20	GBPCPCFC_00959-0
GBPCPCFC_00960			GBPCPCFC_00960-0
GBPCPCFC_00961			GBPCPCFC_00961-0
GBPCPCFC_00962	2	1.54e-14	GBPCPCFC_00962-0
GBPCPCFC_00963	33340	7.36e-86	GBPCPCFC_00963-0
GBPCPCFC_00964	131567	6.50e-173	GBPCPCFC_00964-0
GBPCPCFC_00965	6656	3.84e-102	GBPCPCFC_00965-0
GBPCPCFC_00966	780	0.0	GBPCPCFC_00966-0
GBPCPCFC_00967	114277	1.70e-54	GBPCPCFC_00967-0
GBPCPCFC_00968	2	4.93e-66	GBPCPCFC_00968-0
GBPCPCFC_00969	114277	4.68e-43	GBPCPCFC_00969-0
GBPCPCFC_00970	780	7.64e-25	GBPCPCFC_00970-0
GBPCPCFC_00971	33340	2.83e-69	GBPCPCFC_00971-0
GBPCPCFC_00972	2	1.64e-64	GBPCPCFC_00972-0
GBPCPCFC_00973	6656	1.61e-167	GBPCPCFC_00973-0
GBPCPCFC_00974	114277	8.31e-38	GBPCPCFC_00974-0
GBPCPCFC_00975	114277	4.57e-59	GBPCPCFC_00975-0
GBPCPCFC_00976	931099	1.61e-32	GBPCPCFC_00976-0
GBPCPCFC_00977	131567	1.03e-112	GBPCPCFC_00977-0
GBPCPCFC_00978	2	1.85e-63	GBPCPCFC_00978-0
GBPCPCFC_00979	114277	7.35e-56	GBPCPCFC_00979-0
GBPCPCFC_00980	780	0.0	GBPCPCFC_00980-0
GBPCPCFC_00981	6656	1.18e-250	GBPCPCFC_00981-0
GBPCPCFC_00982	2	3.36e-13	GBPCPCFC_00982-0
GBPCPCFC_00983	114277	1.36e-17	GBPCPCFC_00983-0
GBPCPCFC_00984	131567	1.31e-172	GBPCPCFC_00984-0
GBPCPCFC_00985	114277	7.22e-99	GBPCPCFC_00985-0
GBPCPCFC_00986	780	0.0	GBPCPCFC_00986-0
GBPCPCFC_00987	2	1.66e-14	GBPCPCFC_00987-0
GBPCPCFC_00988	114277	2.43e-136	GBPCPCFC_00988-0
GBPCPCFC_00989	780	0.0	GBPCPCFC_00989-0
GBPCPCFC_00990	33340	1.02e-35	GBPCPCFC_00990-0
GBPCPCFC_00991	6656	7.43e-200	GBPCPCFC_00991-0
GBPCPCFC_00992			GBPCPCFC_00992-0
GBPCPCFC_00993			GBPCPCFC_00993-0
GBPCPCFC_00994	6656	1.18e-250	GBPCPCFC_00994-0
GBPCPCFC_00995	1462938	2.05e-13	GBPCPCFC_00995-0
GBPCPCFC_00996	114277	0.0	GBPCPCFC_00996-0
GBPCPCFC_00997	766	4.74e-61	GBPCPCFC_00997-0
GBPCPCFC_00998	33340	3.68e-141	GBPCPCFC_00998-0
GBPCPCFC_00999	6656	1.66e-56	GBPCPCFC_00999-0
GBPCPCFC_01000	780	8.32e-82	GBPCPCFC_01000-0
GBPCPCFC_01001	780	1.59e-125	GBPCPCFC_01001-0
GBPCPCFC_01002	6656	1.18e-250	GBPCPCFC_01002-0
GBPCPCFC_01003	2	2.73e-27	GBPCPCFC_01003-0
GBPCPCFC_01004	114277	6.61e-43	GBPCPCFC_01004-0
GBPCPCFC_01005	780	6.29e-47	GBPCPCFC_01005-0
GBPCPCFC_01006	114277	6.70e-48	GBPCPCFC_01006-0
GBPCPCFC_01007	780	2.90e-28	GBPCPCFC_01007-0
GBPCPCFC_01008	114277	3.73e-82	GBPCPCFC_01008-0
GBPCPCFC_01009			GBPCPCFC_01009-0
GBPCPCFC_01010	7184	2.25e-95	GBPCPCFC_01010-0
GBPCPCFC_01011	7184	2.28e-213	GBPCPCFC_01011-0
GBPCPCFC_01012	7184	3.61e-107	GBPCPCFC_01012-0
GBPCPCFC_01013	7184	2.28e-232	GBPCPCFC_01013-0
GBPCPCFC_01014	780	7.40e-143	GBPCPCFC_01014-0
GBPCPCFC_01015	7184	4.36e-125	GBPCPCFC_01015-0
GBPCPCFC_01016	33317	1.72e-75	GBPCPCFC_01016-0
GBPCPCFC_01017	7184	0.0	GBPCPCFC_01017-0
GBPCPCFC_01018	7184	7.61e-86	GBPCPCFC_01018-0
GBPCPCFC_01019	7184	2.47e-214	GBPCPCFC_01019-0
GBPCPCFC_01020	7184	8.62e-216	GBPCPCFC_01020-0
GBPCPCFC_01021			GBPCPCFC_01021-0
GBPCPCFC_01022			GBPCPCFC_01022-0
GBPCPCFC_01023	2	1.21e-66	GBPCPCFC_01023-0
GBPCPCFC_01024			GBPCPCFC_01024-0
GBPCPCFC_01025	33340	1.37e-147	GBPCPCFC_01025-0
GBPCPCFC_01026	780	3.12e-106	GBPCPCFC_01026-0
GBPCPCFC_01027	7184	2.22e-147	GBPCPCFC_01027-0
GBPCPCFC_01028	780	1.73e-44	GBPCPCFC_01028-0
GBPCPCFC_01029	780	2.59e-202	GBPCPCFC_01029-0
GBPCPCFC_01030	780	1.78e-248	GBPCPCFC_01030-0
GBPCPCFC_01031	780	9.47e-176	GBPCPCFC_01031-0
GBPCPCFC_01032	6072	0.0	GBPCPCFC_01032-0
GBPCPCFC_01033	7184	7.60e-105	GBPCPCFC_01033-0
GBPCPCFC_01034	7184	4.11e-264	GBPCPCFC_01034-0
GBPCPCFC_01035	114277	9.83e-225	GBPCPCFC_01035-0
GBPCPCFC_01036	780	7.61e-93	GBPCPCFC_01036-0
GBPCPCFC_01037	33317	1.62e-117	GBPCPCFC_01037-0
GBPCPCFC_01038	7184	5.19e-128	GBPCPCFC_01038-0
GBPCPCFC_01039	780	1.39e-116	GBPCPCFC_01039-0
GBPCPCFC_01040	780	4.66e-85	GBPCPCFC_01040-0
GBPCPCFC_01041	33154	1.70e-09	GBPCPCFC_01041-0
GBPCPCFC_01042	7184	1.96e-249	GBPCPCFC_01042-0
GBPCPCFC_01043	780	6.23e-36	GBPCPCFC_01043-0
GBPCPCFC_01044	780	3.40e-93	GBPCPCFC_01044-0
GBPCPCFC_01045	7184	5.94e-223	GBPCPCFC_01045-0
GBPCPCFC_01046	780	3.41e-28	GBPCPCFC_01046-0
GBPCPCFC_01047	780	1.14e-250	GBPCPCFC_01047-0
GBPCPCFC_01048			GBPCPCFC_01048-0
GBPCPCFC_01049	2	1.21e-66	GBPCPCFC_01049-0
GBPCPCFC_01050	131567	7.37e-162	GBPCPCFC_01050-0
GBPCPCFC_01051	131567	5.19e-38	GBPCPCFC_01051-0
GBPCPCFC_01052	1236	8.53e-33	GBPCPCFC_01052-0
GBPCPCFC_01053	6656	1.18e-250	GBPCPCFC_01053-0
GBPCPCFC_01054	766	1.49e-19	GBPCPCFC_01054-0
GBPCPCFC_01055			GBPCPCFC_01055-0
GBPCPCFC_01056			GBPCPCFC_01056-0
GBPCPCFC_01057			GBPCPCFC_01057-0
GBPCPCFC_01058	6656	1.18e-250	GBPCPCFC_01058-0
GBPCPCFC_01059	33392	2.68e-05	GBPCPCFC_01059-0
GBPCPCFC_01060	780	0.0	GBPCPCFC_01060-0
GBPCPCFC_01061	2	1.92e-115	GBPCPCFC_01061-0
GBPCPCFC_01062	1224	5.83e-06	GBPCPCFC_01062-0
GBPCPCFC_01063	1224	6.52e-39	GBPCPCFC_01063-0
GBPCPCFC_01064	780	0.0	GBPCPCFC_01064-0
GBPCPCFC_01065	6656	1.18e-250	GBPCPCFC_01065-0
GBPCPCFC_01066	2	4.25e-35	GBPCPCFC_01066-0
GBPCPCFC_01067	114277	1.70e-225	GBPCPCFC_01067-0
GBPCPCFC_01068	1224	1.13e-75	GBPCPCFC_01068-0
GBPCPCFC_01069	2	1.21e-66	GBPCPCFC_01069-0
GBPCPCFC_01070	775	8.96e-62	GBPCPCFC_01070-0
GBPCPCFC_01071	780	2.83e-39	GBPCPCFC_01071-0
GBPCPCFC_01072	2	1.07e-312	GBPCPCFC_01072-0
GBPCPCFC_01073			GBPCPCFC_01073-0
GBPCPCFC_01074	780	2.59e-130	GBPCPCFC_01074-0
GBPCPCFC_01075	7184	2.17e-72	GBPCPCFC_01075-0
GBPCPCFC_01076	7184	3.25e-238	GBPCPCFC_01076-0
GBPCPCFC_01077			GBPCPCFC_01077-0
GBPCPCFC_01078	780	1.48e-78	GBPCPCFC_01078-0
GBPCPCFC_01079	780	2.51e-30	GBPCPCFC_01079-0
GBPCPCFC_01080	7184	0.0	GBPCPCFC_01080-0
GBPCPCFC_01081	7184	2.18e-213	GBPCPCFC_01081-0
GBPCPCFC_01082	780	7.12e-92	GBPCPCFC_01082-0
GBPCPCFC_01083	2	1.21e-66	GBPCPCFC_01083-0
GBPCPCFC_01084	6656	1.18e-250	GBPCPCFC_01084-0
GBPCPCFC_01085	780	5.36e-230	GBPCPCFC_01085-0
GBPCPCFC_01086	780	3.83e-266	GBPCPCFC_01086-0
GBPCPCFC_01087			GBPCPCFC_01087-0
GBPCPCFC_01088	7184	4.11e-58	GBPCPCFC_01088-0
GBPCPCFC_01089	28211	1.94e-29	GBPCPCFC_01089-0
GBPCPCFC_01090	7184	6.03e-213	GBPCPCFC_01090-0
GBPCPCFC_01091	7184	7.43e-133	GBPCPCFC_01091-0
GBPCPCFC_01092	780	2.64e-90	GBPCPCFC_01092-0
GBPCPCFC_01093	2878922	3.84e-72	GBPCPCFC_01093-0
GBPCPCFC_01094	6656	1.18e-250	GBPCPCFC_01094-0
GBPCPCFC_01095	35572	1.23e-107	GBPCPCFC_01095-0
GBPCPCFC_01096	2	1.21e-66	GBPCPCFC_01096-0
GBPCPCFC_01097	35572	1.04e-110	GBPCPCFC_01097-0
GBPCPCFC_01098			GBPCPCFC_01098-0
GBPCPCFC_01099			GBPCPCFC_01099-0
GBPCPCFC_01100	780	9.04e-114	GBPCPCFC_01100-0
GBPCPCFC_01101	6656	1.18e-250	GBPCPCFC_01101-0
GBPCPCFC_01102	33392	1.48e-10	GBPCPCFC_01102-0
GBPCPCFC_01103	2878921	4.86e-108	GBPCPCFC_01103-0
GBPCPCFC_01104	7184	4.40e-80	GBPCPCFC_01104-0
GBPCPCFC_01105	114277	4.47e-226	GBPCPCFC_01105-0
GBPCPCFC_01106	780	1.32e-54	GBPCPCFC_01106-0
GBPCPCFC_01107			GBPCPCFC_01107-0
GBPCPCFC_01108	780	7.14e-69	GBPCPCFC_01108-0
GBPCPCFC_01109	780	4.15e-97	GBPCPCFC_01109-0
GBPCPCFC_01110	7184	6.74e-176	GBPCPCFC_01110-0
GBPCPCFC_01111	7184	5.59e-60	GBPCPCFC_01111-0
GBPCPCFC_01112			GBPCPCFC_01112-0
GBPCPCFC_01113			GBPCPCFC_01113-0
GBPCPCFC_01114	780	1.09e-84	GBPCPCFC_01114-0
GBPCPCFC_01115	2	4.95e-66	GBPCPCFC_01115-0
GBPCPCFC_01116	780	4.63e-124	GBPCPCFC_01116-0
GBPCPCFC_01117	780	2.40e-16	GBPCPCFC_01117-0
GBPCPCFC_01118	2	1.22e-66	GBPCPCFC_01118-0
GBPCPCFC_01119	780	2.97e-232	GBPCPCFC_01119-0
GBPCPCFC_01120	6960	1.70e-07	GBPCPCFC_01120-0
GBPCPCFC_01121	780	1.25e-111	GBPCPCFC_01121-0
GBPCPCFC_01122	780	1.45e-65	GBPCPCFC_01122-0
GBPCPCFC_01123	33340	1.01e-104	GBPCPCFC_01123-0
GBPCPCFC_01124	780	4.90e-12	GBPCPCFC_01124-0
GBPCPCFC_01125			GBPCPCFC_01125-0
GBPCPCFC_01126	2698648	2.48e-36	GBPCPCFC_01126-0
GBPCPCFC_01127	780	4.69e-157	GBPCPCFC_01127-0
GBPCPCFC_01128	780	1.31e-27	GBPCPCFC_01128-0
GBPCPCFC_01129	780	4.33e-100	GBPCPCFC_01129-0
GBPCPCFC_01130	780	6.90e-44	GBPCPCFC_01130-0
GBPCPCFC_01131			GBPCPCFC_01131-0
GBPCPCFC_01132	1977087	1.94e-207	GBPCPCFC_01132-0
GBPCPCFC_01133	953	1.04e-237	GBPCPCFC_01133-0
GBPCPCFC_01134	1977087	1.95e-129	GBPCPCFC_01134-0
GBPCPCFC_01135	2	4.95e-66	GBPCPCFC_01135-0
GBPCPCFC_01136			GBPCPCFC_01136-0
GBPCPCFC_01137	7184	4.32e-158	GBPCPCFC_01137-0
GBPCPCFC_01138	33317	3.72e-34	GBPCPCFC_01138-0
GBPCPCFC_01139	7184	6.04e-242	GBPCPCFC_01139-0
GBPCPCFC_01140	33317	9.44e-316	GBPCPCFC_01140-0
GBPCPCFC_01141	780	3.01e-89	GBPCPCFC_01141-0
GBPCPCFC_01142	780	4.13e-105	GBPCPCFC_01142-0
GBPCPCFC_01143	33317	2.30e-175	GBPCPCFC_01143-0
GBPCPCFC_01144	33317	7.90e-189	GBPCPCFC_01144-0
GBPCPCFC_01145	766	9.83e-42	GBPCPCFC_01145-0
GBPCPCFC_01146	766	6.57e-13	GBPCPCFC_01146-0
GBPCPCFC_01147	780	4.69e-99	GBPCPCFC_01147-0
GBPCPCFC_01148	7184	0.0	GBPCPCFC_01148-0
GBPCPCFC_01149	780	1.66e-47	GBPCPCFC_01149-0
GBPCPCFC_01150			GBPCPCFC_01150-0
GBPCPCFC_01151	780	2.48e-136	GBPCPCFC_01151-0
GBPCPCFC_01152			GBPCPCFC_01152-0
GBPCPCFC_01153	780	5.59e-138	GBPCPCFC_01153-0
GBPCPCFC_01154	780	1.21e-265	GBPCPCFC_01154-0
GBPCPCFC_01155	780	3.38e-116	GBPCPCFC_01155-0
GBPCPCFC_01156			GBPCPCFC_01156-0
GBPCPCFC_01157			GBPCPCFC_01157-0
GBPCPCFC_01158	7184	3.07e-236	GBPCPCFC_01158-0
GBPCPCFC_01159	7184	1.93e-57	GBPCPCFC_01159-0
GBPCPCFC_01160	7184	1.53e-117	GBPCPCFC_01160-0
GBPCPCFC_01161	780	3.15e-115	GBPCPCFC_01161-0
GBPCPCFC_01162	780	5.80e-52	GBPCPCFC_01162-0
GBPCPCFC_01163	780	6.58e-184	GBPCPCFC_01163-0
GBPCPCFC_01164	7184	1.36e-54	GBPCPCFC_01164-0
GBPCPCFC_01165	780	2.58e-67	GBPCPCFC_01165-0
GBPCPCFC_01166	780	2.95e-130	GBPCPCFC_01166-0
GBPCPCFC_01167	28211	6.21e-83	GBPCPCFC_01167-0
GBPCPCFC_01168	780	5.68e-26	GBPCPCFC_01168-0
GBPCPCFC_01169	780	7.05e-41	GBPCPCFC_01169-0
GBPCPCFC_01170	28211	2.84e-61	GBPCPCFC_01170-0
GBPCPCFC_01171	780	1.83e-60	GBPCPCFC_01171-0
GBPCPCFC_01172	780	3.06e-102	GBPCPCFC_01172-0
GBPCPCFC_01173	7184	1.42e-30	GBPCPCFC_01173-0
GBPCPCFC_01174	780	3.32e-67	GBPCPCFC_01174-0
GBPCPCFC_01175	7184	6.33e-82	GBPCPCFC_01175-0
GBPCPCFC_01176	780	1.01e-59	GBPCPCFC_01176-0
GBPCPCFC_01177	7184	2.61e-86	GBPCPCFC_01177-0
GBPCPCFC_01178	780	3.09e-25	GBPCPCFC_01178-0
GBPCPCFC_01179	7184	2.02e-77	GBPCPCFC_01179-0
GBPCPCFC_01180	775	9.62e-262	GBPCPCFC_01180-0
GBPCPCFC_01181	7184	5.05e-108	GBPCPCFC_01181-0
GBPCPCFC_01182	28211	2.52e-70	GBPCPCFC_01182-0
GBPCPCFC_01183	780	2.69e-71	GBPCPCFC_01183-0
GBPCPCFC_01184	7184	1.33e-200	GBPCPCFC_01184-0
GBPCPCFC_01185	7184	3.89e-70	GBPCPCFC_01185-0
GBPCPCFC_01186	780	4.91e-41	GBPCPCFC_01186-0
GBPCPCFC_01187	33317	6.49e-101	GBPCPCFC_01187-0
GBPCPCFC_01188			GBPCPCFC_01188-0
GBPCPCFC_01189	780	7.50e-10	GBPCPCFC_01189-0
GBPCPCFC_01190	7184	4.33e-143	GBPCPCFC_01190-0
GBPCPCFC_01191	780	1.03e-147	GBPCPCFC_01191-0
GBPCPCFC_01192	7184	6.09e-195	GBPCPCFC_01192-0
GBPCPCFC_01193	780	2.00e-241	GBPCPCFC_01193-0
GBPCPCFC_01194	7184	4.63e-145	GBPCPCFC_01194-0
GBPCPCFC_01195			GBPCPCFC_01195-0
GBPCPCFC_01196			GBPCPCFC_01196-0
GBPCPCFC_01197	780	0.0	GBPCPCFC_01197-0
GBPCPCFC_01198	7184	7.91e-189	GBPCPCFC_01198-0
GBPCPCFC_01199	780	4.35e-244	GBPCPCFC_01199-0
GBPCPCFC_01200	7184	0.0	GBPCPCFC_01200-0
GBPCPCFC_01201	7184	1.80e-72	GBPCPCFC_01201-0
GBPCPCFC_01202	780	6.15e-14	GBPCPCFC_01202-0
GBPCPCFC_01203	33317	2.60e-92	GBPCPCFC_01203-0
GBPCPCFC_01204	780	1.54e-108	GBPCPCFC_01204-0
GBPCPCFC_01205	780	2.73e-05	GBPCPCFC_01205-0
GBPCPCFC_01206	780	3.93e-15	GBPCPCFC_01206-0
GBPCPCFC_01207	35572	1.21e-22	GBPCPCFC_01207-0
GBPCPCFC_01208	2	4.95e-66	GBPCPCFC_01208-0
GBPCPCFC_01209	35572	8.85e-21	GBPCPCFC_01209-0
GBPCPCFC_01210	780	1.89e-265	GBPCPCFC_01210-0
GBPCPCFC_01211	780	2.71e-40	GBPCPCFC_01211-0
GBPCPCFC_01212	780	1.28e-110	GBPCPCFC_01212-0
GBPCPCFC_01213	780	1.95e-169	GBPCPCFC_01213-0
GBPCPCFC_01214	35572	5.60e-168	GBPCPCFC_01214-0
GBPCPCFC_01215	7184	0.0	GBPCPCFC_01215-0
GBPCPCFC_01216	7184	1.28e-232	GBPCPCFC_01216-0
GBPCPCFC_01217	780	7.13e-142	GBPCPCFC_01217-0
GBPCPCFC_01218	621374	1.71e-19	GBPCPCFC_01218-0
GBPCPCFC_01219	7184	2.00e-237	GBPCPCFC_01219-0
GBPCPCFC_01220	2	2.96e-77	GBPCPCFC_01220-0
GBPCPCFC_01221	7184	9.19e-62	GBPCPCFC_01221-0
GBPCPCFC_01222	780	1.38e-232	GBPCPCFC_01222-0
GBPCPCFC_01223			GBPCPCFC_01223-0
GBPCPCFC_01224	780	2.28e-162	GBPCPCFC_01224-0
GBPCPCFC_01225	7184	8.80e-221	GBPCPCFC_01225-0
GBPCPCFC_01226	780	4.08e-125	GBPCPCFC_01226-0
GBPCPCFC_01227	7184	4.12e-123	GBPCPCFC_01227-0
GBPCPCFC_01228	7184	1.25e-212	GBPCPCFC_01228-0
GBPCPCFC_01229	7184	4.13e-168	GBPCPCFC_01229-0
GBPCPCFC_01230	780	2.43e-73	GBPCPCFC_01230-0
GBPCPCFC_01231			GBPCPCFC_01231-0
GBPCPCFC_01232	780	5.51e-78	GBPCPCFC_01232-0
GBPCPCFC_01233	780	0.0	GBPCPCFC_01233-0
GBPCPCFC_01234	33317	4.15e-53	GBPCPCFC_01234-0
GBPCPCFC_01235	2878922	4.52e-84	GBPCPCFC_01235-0
GBPCPCFC_01236	780	2.02e-31	GBPCPCFC_01236-0
GBPCPCFC_01237	780	8.43e-72	GBPCPCFC_01237-0
GBPCPCFC_01238			GBPCPCFC_01238-0
GBPCPCFC_01239	780	4.31e-91	GBPCPCFC_01239-0
GBPCPCFC_01240	7184	4.46e-259	GBPCPCFC_01240-0
GBPCPCFC_01241	2	1.11e-94	GBPCPCFC_01241-0
GBPCPCFC_01242	2	1.15e-107	GBPCPCFC_01242-0
GBPCPCFC_01243	2	4.73e-70	GBPCPCFC_01243-0
GBPCPCFC_01244	780	1.73e-159	GBPCPCFC_01244-0
GBPCPCFC_01245	780	9.41e-62	GBPCPCFC_01245-0
GBPCPCFC_01246	780	1.31e-236	GBPCPCFC_01246-0
GBPCPCFC_01247			GBPCPCFC_01247-0
GBPCPCFC_01248	780	5.12e-85	GBPCPCFC_01248-0
GBPCPCFC_01249	780	6.23e-22	GBPCPCFC_01249-0
GBPCPCFC_01250	7184	7.40e-209	GBPCPCFC_01250-0
GBPCPCFC_01251	780	2.30e-123	GBPCPCFC_01251-0
GBPCPCFC_01252	1234261	3.05e-05	GBPCPCFC_01252-0
GBPCPCFC_01253	6656	1.18e-250	GBPCPCFC_01253-0
GBPCPCFC_01254	2	1.21e-66	GBPCPCFC_01254-0
GBPCPCFC_01255	33317	2.09e-20	GBPCPCFC_01255-0
GBPCPCFC_01256	775	8.29e-19	GBPCPCFC_01256-0
GBPCPCFC_01257	28211	1.51e-60	GBPCPCFC_01257-0
GBPCPCFC_01258	33392	3.60e-150	GBPCPCFC_01258-0
GBPCPCFC_01259	6656	1.18e-250	GBPCPCFC_01259-0
GBPCPCFC_01260	33392	2.59e-69	GBPCPCFC_01260-0
GBPCPCFC_01261	780	7.83e-06	GBPCPCFC_01261-0
GBPCPCFC_01262	6656	1.18e-250	GBPCPCFC_01262-0
GBPCPCFC_01263	1234261	1.80e-10	GBPCPCFC_01263-0
GBPCPCFC_01264	2	1.21e-66	GBPCPCFC_01264-0
GBPCPCFC_01265	1234261	1.57e-108	GBPCPCFC_01265-0
GBPCPCFC_01266	33317	0.0	GBPCPCFC_01266-0
GBPCPCFC_01267	780	5.03e-108	GBPCPCFC_01267-0
GBPCPCFC_01268	780	6.40e-139	GBPCPCFC_01268-0
GBPCPCFC_01269	780	1.36e-159	GBPCPCFC_01269-0
GBPCPCFC_01270	7184	1.40e-311	GBPCPCFC_01270-0
GBPCPCFC_01271	33317	0.0	GBPCPCFC_01271-0
GBPCPCFC_01272			GBPCPCFC_01272-0
GBPCPCFC_01273	780	2.43e-177	GBPCPCFC_01273-0
GBPCPCFC_01274	780	0.0	GBPCPCFC_01274-0
GBPCPCFC_01275			GBPCPCFC_01275-0
GBPCPCFC_01276	2878922	3.68e-274	GBPCPCFC_01276-0
GBPCPCFC_01277			GBPCPCFC_01277-0
GBPCPCFC_01278	33317	7.21e-118	GBPCPCFC_01278-0
GBPCPCFC_01279	780	1.97e-108	GBPCPCFC_01279-0
GBPCPCFC_01280	7184	4.24e-253	GBPCPCFC_01280-0
GBPCPCFC_01281	1224	9.06e-10	GBPCPCFC_01281-0
GBPCPCFC_01282	7184	5.26e-149	GBPCPCFC_01282-0
GBPCPCFC_01283	7184	3.08e-131	GBPCPCFC_01283-0
GBPCPCFC_01284	780	2.16e-98	GBPCPCFC_01284-0
GBPCPCFC_01285	7184	2.56e-250	GBPCPCFC_01285-0
GBPCPCFC_01286	775	2.31e-90	GBPCPCFC_01286-0
GBPCPCFC_01287	780	1.20e-06	GBPCPCFC_01287-0
GBPCPCFC_01288	2	2.66e-08	GBPCPCFC_01288-0
GBPCPCFC_01289			GBPCPCFC_01289-0
GBPCPCFC_01290			GBPCPCFC_01290-0
GBPCPCFC_01291			GBPCPCFC_01291-0
GBPCPCFC_01292			GBPCPCFC_01292-0
GBPCPCFC_01293	780	6.50e-165	GBPCPCFC_01293-0
GBPCPCFC_01294	35572	8.67e-117	GBPCPCFC_01294-0
GBPCPCFC_01295			GBPCPCFC_01295-0
GBPCPCFC_01296	467174	4.76e-99	GBPCPCFC_01296-0
GBPCPCFC_01297	780	5.32e-09	GBPCPCFC_01297-0
GBPCPCFC_01298	33392	6.59e-15	GBPCPCFC_01298-0
GBPCPCFC_01299	2	1.52e-28	GBPCPCFC_01299-0
GBPCPCFC_01300	2	3.21e-63	GBPCPCFC_01300-0
GBPCPCFC_01301			GBPCPCFC_01301-0
GBPCPCFC_01302	1224	1.10e-26	GBPCPCFC_01302-0
GBPCPCFC_01303			GBPCPCFC_01303-0
GBPCPCFC_01304			GBPCPCFC_01304-0
GBPCPCFC_01305	780	9.21e-84	GBPCPCFC_01305-0
GBPCPCFC_01306	780	1.98e-194	GBPCPCFC_01306-0
GBPCPCFC_01307	780	0.0	GBPCPCFC_01307-0
GBPCPCFC_01308	7184	1.86e-59	GBPCPCFC_01308-0
GBPCPCFC_01309			GBPCPCFC_01309-0
GBPCPCFC_01310	7184	1.21e-160	GBPCPCFC_01310-0
GBPCPCFC_01311			GBPCPCFC_01311-0
GBPCPCFC_01312	780	3.33e-94	GBPCPCFC_01312-0
GBPCPCFC_01313	1224	1.42e-102	GBPCPCFC_01313-0
GBPCPCFC_01314	780	1.59e-117	GBPCPCFC_01314-0
GBPCPCFC_01315	7184	0.0	GBPCPCFC_01315-0
GBPCPCFC_01316	33317	2.66e-71	GBPCPCFC_01316-0
GBPCPCFC_01317	775	6.00e-116	GBPCPCFC_01317-0
GBPCPCFC_01318	7184	8.64e-131	GBPCPCFC_01318-0
GBPCPCFC_01319	780	1.08e-18	GBPCPCFC_01319-0
GBPCPCFC_01320	780	5.77e-97	GBPCPCFC_01320-0
GBPCPCFC_01321	2	2.16e-110	GBPCPCFC_01321-0
GBPCPCFC_01322			GBPCPCFC_01322-0
GBPCPCFC_01323	7184	0.0	GBPCPCFC_01323-0
GBPCPCFC_01324	780	3.04e-161	GBPCPCFC_01324-0
GBPCPCFC_01325	780	7.89e-166	GBPCPCFC_01325-0
GBPCPCFC_01326	1913988	2.01e-84	GBPCPCFC_01326-0
GBPCPCFC_01327	780	2.27e-08	GBPCPCFC_01327-0
GBPCPCFC_01328	2	5.94e-05	GBPCPCFC_01328-0
GBPCPCFC_01329	2	5.97e-22	GBPCPCFC_01329-0
GBPCPCFC_01330			GBPCPCFC_01330-0
GBPCPCFC_01331			GBPCPCFC_01331-0
GBPCPCFC_01332	780	0.0	GBPCPCFC_01332-0
GBPCPCFC_01333	1224	2.13e-42	GBPCPCFC_01333-0
GBPCPCFC_01334	33392	1.21e-95	GBPCPCFC_01334-0
GBPCPCFC_01335	780	0.0	GBPCPCFC_01335-0
GBPCPCFC_01336	2	1.09e-138	GBPCPCFC_01336-0
GBPCPCFC_01337	780	3.78e-39	GBPCPCFC_01337-0
GBPCPCFC_01338			GBPCPCFC_01338-0
GBPCPCFC_01339			GBPCPCFC_01339-0
GBPCPCFC_01340	6656	1.16e-48	GBPCPCFC_01340-0
GBPCPCFC_01341	780	1.47e-141	GBPCPCFC_01341-0
GBPCPCFC_01342	780	5.11e-123	GBPCPCFC_01342-0
GBPCPCFC_01343	780	0.0	GBPCPCFC_01343-0
GBPCPCFC_01344	2	1.42e-72	GBPCPCFC_01344-0
GBPCPCFC_01345	780	1.69e-161	GBPCPCFC_01345-0
GBPCPCFC_01346	7184	5.71e-52	GBPCPCFC_01346-0
GBPCPCFC_01347	780	2.63e-82	GBPCPCFC_01347-0
GBPCPCFC_01348	7184	4.52e-136	GBPCPCFC_01348-0
GBPCPCFC_01349	766	6.74e-155	GBPCPCFC_01349-0
GBPCPCFC_01350	7184	1.29e-77	GBPCPCFC_01350-0
GBPCPCFC_01351	780	5.06e-40	GBPCPCFC_01351-0
GBPCPCFC_01352	780	3.29e-227	GBPCPCFC_01352-0
GBPCPCFC_01353	780	6.64e-68	GBPCPCFC_01353-0
GBPCPCFC_01354	6656	2.27e-45	GBPCPCFC_01354-0
GBPCPCFC_01355	780	1.54e-57	GBPCPCFC_01355-0
GBPCPCFC_01356			GBPCPCFC_01356-0
GBPCPCFC_01357			GBPCPCFC_01357-0
GBPCPCFC_01358	780	6.51e-163	GBPCPCFC_01358-0
GBPCPCFC_01359	775	5.74e-119	GBPCPCFC_01359-0
GBPCPCFC_01360	780	5.58e-83	GBPCPCFC_01360-0
GBPCPCFC_01361	6656	1.68e-257	GBPCPCFC_01361-0
GBPCPCFC_01362	7184	1.68e-113	GBPCPCFC_01362-0
GBPCPCFC_01363	780	3.34e-96	GBPCPCFC_01363-0
GBPCPCFC_01364	2762512	1.78e-86	GBPCPCFC_01364-0
GBPCPCFC_01365	766	2.39e-32	GBPCPCFC_01365-0
GBPCPCFC_01366	780	6.65e-169	GBPCPCFC_01366-0
GBPCPCFC_01367	780	1.16e-158	GBPCPCFC_01367-0
GBPCPCFC_01368	780	1.21e-16	GBPCPCFC_01368-0
GBPCPCFC_01369	28211	0.0	GBPCPCFC_01369-0
GBPCPCFC_01370	7184	0.0	GBPCPCFC_01370-0
GBPCPCFC_01371	7184	4.73e-155	GBPCPCFC_01371-0
GBPCPCFC_01372	7184	1.55e-96	GBPCPCFC_01372-0
GBPCPCFC_01373	7184	1.64e-75	GBPCPCFC_01373-0
GBPCPCFC_01374	780	1.17e-289	GBPCPCFC_01374-0
GBPCPCFC_01375	7184	7.42e-210	GBPCPCFC_01375-0
GBPCPCFC_01376	7184	0.0	GBPCPCFC_01376-0
GBPCPCFC_01377	7184	6.39e-169	GBPCPCFC_01377-0
GBPCPCFC_01378			GBPCPCFC_01378-0
GBPCPCFC_01379	780	3.17e-285	GBPCPCFC_01379-0
GBPCPCFC_01380			GBPCPCFC_01380-0
GBPCPCFC_01381	780	7.93e-55	GBPCPCFC_01381-0
GBPCPCFC_01382	780	2.57e-142	GBPCPCFC_01382-0
GBPCPCFC_01383	780	5.97e-92	GBPCPCFC_01383-0
GBPCPCFC_01384	780	1.30e-57	GBPCPCFC_01384-0
GBPCPCFC_01385	780	1.57e-297	GBPCPCFC_01385-0
GBPCPCFC_01386	780	0.0	GBPCPCFC_01386-0
GBPCPCFC_01387	780	0.0	GBPCPCFC_01387-0
GBPCPCFC_01388	7184	5.26e-256	GBPCPCFC_01388-0
GBPCPCFC_01389	780	6.32e-123	GBPCPCFC_01389-0
GBPCPCFC_01390	780	4.80e-46	GBPCPCFC_01390-0
GBPCPCFC_01391	780	4.89e-94	GBPCPCFC_01391-0
GBPCPCFC_01392	780	6.84e-32	GBPCPCFC_01392-0
GBPCPCFC_01393	780	1.48e-71	GBPCPCFC_01393-0
GBPCPCFC_01394	2698648	4.02e-13	GBPCPCFC_01394-0
GBPCPCFC_01395	35572	8.70e-74	GBPCPCFC_01395-0
GBPCPCFC_01396	2	1.21e-66	GBPCPCFC_01396-0
GBPCPCFC_01397	7184	9.83e-176	GBPCPCFC_01397-0
GBPCPCFC_01398	780	4.70e-66	GBPCPCFC_01398-0
GBPCPCFC_01399	780	3.06e-49	GBPCPCFC_01399-0
GBPCPCFC_01400	780	1.74e-53	GBPCPCFC_01400-0
GBPCPCFC_01401	780	1.37e-90	GBPCPCFC_01401-0
GBPCPCFC_01402	780	1.97e-108	GBPCPCFC_01402-0
GBPCPCFC_01403	780	2.04e-09	GBPCPCFC_01403-0
GBPCPCFC_01404	7184	9.48e-44	GBPCPCFC_01404-0
GBPCPCFC_01405	7184	0.0	GBPCPCFC_01405-0
GBPCPCFC_01406	7184	1.50e-307	GBPCPCFC_01406-0
GBPCPCFC_01407	7184	1.57e-44	GBPCPCFC_01407-0
GBPCPCFC_01408	7184	2.26e-50	GBPCPCFC_01408-0
GBPCPCFC_01409	780	7.19e-100	GBPCPCFC_01409-0
GBPCPCFC_01410	780	1.10e-85	GBPCPCFC_01410-0
GBPCPCFC_01411	780	2.91e-221	GBPCPCFC_01411-0
GBPCPCFC_01412	7184	0.0	GBPCPCFC_01412-0
GBPCPCFC_01413	780	5.05e-70	GBPCPCFC_01413-0
GBPCPCFC_01414			GBPCPCFC_01414-0
GBPCPCFC_01415	2	1.22e-66	GBPCPCFC_01415-0
GBPCPCFC_01416			GBPCPCFC_01416-0
GBPCPCFC_01417	780	4.94e-91	GBPCPCFC_01417-0
GBPCPCFC_01418			GBPCPCFC_01418-0
GBPCPCFC_01419	7184	0.0	GBPCPCFC_01419-0
GBPCPCFC_01420	7184	2.60e-44	GBPCPCFC_01420-0
GBPCPCFC_01421	780	2.12e-156	GBPCPCFC_01421-0
GBPCPCFC_01422	780	1.78e-72	GBPCPCFC_01422-0
GBPCPCFC_01423			GBPCPCFC_01423-0
GBPCPCFC_01424			GBPCPCFC_01424-0
GBPCPCFC_01425	780	1.59e-40	GBPCPCFC_01425-0
GBPCPCFC_01426	2	1.22e-66	GBPCPCFC_01426-0
GBPCPCFC_01427	780	2.20e-120	GBPCPCFC_01427-0
GBPCPCFC_01428	33317	7.76e-186	GBPCPCFC_01428-0
GBPCPCFC_01429			GBPCPCFC_01429-0
GBPCPCFC_01430			GBPCPCFC_01430-0
GBPCPCFC_01431	7184	0.0	GBPCPCFC_01431-0
GBPCPCFC_01432	6656	1.24e-17	GBPCPCFC_01432-0
GBPCPCFC_01433	766	0.0	GBPCPCFC_01433-0
GBPCPCFC_01434			GBPCPCFC_01434-0
GBPCPCFC_01435	780	6.04e-38	GBPCPCFC_01435-0
GBPCPCFC_01436			GBPCPCFC_01436-0
GBPCPCFC_01437	2	2.16e-49	GBPCPCFC_01437-0
GBPCPCFC_01438	2	1.30e-04	GBPCPCFC_01438-0
GBPCPCFC_01439	131567	6.50e-173	GBPCPCFC_01439-0
GBPCPCFC_01440	2	4.95e-66	GBPCPCFC_01440-0
GBPCPCFC_01441			GBPCPCFC_01441-0
GBPCPCFC_01442	6656	1.22e-156	GBPCPCFC_01442-0
GBPCPCFC_01443	7184	1.91e-117	GBPCPCFC_01443-0
GBPCPCFC_01444	780	0.0	GBPCPCFC_01444-0
GBPCPCFC_01445	780	4.30e-25	GBPCPCFC_01445-0
GBPCPCFC_01446	6656	1.65e-142	GBPCPCFC_01446-0
GBPCPCFC_01447	780	1.54e-175	GBPCPCFC_01447-0
GBPCPCFC_01448			GBPCPCFC_01448-0
GBPCPCFC_01449	780	2.23e-189	GBPCPCFC_01449-0
GBPCPCFC_01450	7184	1.58e-257	GBPCPCFC_01450-0
GBPCPCFC_01451	7184	1.38e-170	GBPCPCFC_01451-0
GBPCPCFC_01452	7184	1.67e-140	GBPCPCFC_01452-0
GBPCPCFC_01453	28211	4.19e-109	GBPCPCFC_01453-0
GBPCPCFC_01454			GBPCPCFC_01454-0
GBPCPCFC_01455	7184	0.0	GBPCPCFC_01455-0
GBPCPCFC_01456	780	5.00e-117	GBPCPCFC_01456-0
GBPCPCFC_01457	7184	2.17e-282	GBPCPCFC_01457-0
GBPCPCFC_01458	780	4.73e-59	GBPCPCFC_01458-0
GBPCPCFC_01459	780	3.58e-33	GBPCPCFC_01459-0
GBPCPCFC_01460	7184	0.0	GBPCPCFC_01460-0
GBPCPCFC_01461			GBPCPCFC_01461-0
GBPCPCFC_01462	2	1.22e-66	GBPCPCFC_01462-0
GBPCPCFC_01463			GBPCPCFC_01463-0
GBPCPCFC_01464			GBPCPCFC_01464-0
GBPCPCFC_01465			GBPCPCFC_01465-0
GBPCPCFC_01466			GBPCPCFC_01466-0
GBPCPCFC_01467	780	4.42e-51	GBPCPCFC_01467-0
GBPCPCFC_01468	6656	2.67e-85	GBPCPCFC_01468-0
GBPCPCFC_01469	7184	5.92e-36	GBPCPCFC_01469-0
GBPCPCFC_01470	780	2.38e-67	GBPCPCFC_01470-0
GBPCPCFC_01471	780	1.11e-103	GBPCPCFC_01471-0
GBPCPCFC_01472	780	1.20e-69	GBPCPCFC_01472-0
GBPCPCFC_01473	780	8.21e-170	GBPCPCFC_01473-0
GBPCPCFC_01474	28211	1.03e-200	GBPCPCFC_01474-0
GBPCPCFC_01475	28211	0.0	GBPCPCFC_01475-0
GBPCPCFC_01476	780	7.73e-223	GBPCPCFC_01476-0
GBPCPCFC_01477	7184	1.44e-183	GBPCPCFC_01477-0
GBPCPCFC_01478	7184	5.87e-93	GBPCPCFC_01478-0
GBPCPCFC_01479	780	6.96e-57	GBPCPCFC_01479-0
GBPCPCFC_01480	7184	1.00e-98	GBPCPCFC_01480-0
GBPCPCFC_01481	7184	2.37e-139	GBPCPCFC_01481-0
GBPCPCFC_01482	780	2.55e-72	GBPCPCFC_01482-0
GBPCPCFC_01483	7184	2.37e-293	GBPCPCFC_01483-0
GBPCPCFC_01484	7184	0.0	GBPCPCFC_01484-0
GBPCPCFC_01485	780	1.29e-31	GBPCPCFC_01485-0
GBPCPCFC_01486	7184	5.02e-283	GBPCPCFC_01486-0
GBPCPCFC_01487	780	1.08e-275	GBPCPCFC_01487-0
GBPCPCFC_01488	780	5.70e-62	GBPCPCFC_01488-0
GBPCPCFC_01489	33990	9.10e-38	GBPCPCFC_01489-0
GBPCPCFC_01490	131567	1.80e-05	GBPCPCFC_01490-0
GBPCPCFC_01491	780	1.21e-258	GBPCPCFC_01491-0
GBPCPCFC_01492			GBPCPCFC_01492-0
GBPCPCFC_01493	780	1.44e-293	GBPCPCFC_01493-0
GBPCPCFC_01494	2878922	2.12e-31	GBPCPCFC_01494-0
GBPCPCFC_01495	780	3.94e-190	GBPCPCFC_01495-0
GBPCPCFC_01496	766	0.0	GBPCPCFC_01496-0
GBPCPCFC_01497	7184	1.59e-169	GBPCPCFC_01497-0
GBPCPCFC_01498			GBPCPCFC_01498-0
GBPCPCFC_01499	780	5.16e-87	GBPCPCFC_01499-0
GBPCPCFC_01500	33392	1.86e-12	GBPCPCFC_01500-0
GBPCPCFC_01501			GBPCPCFC_01501-0
GBPCPCFC_01502	33317	1.28e-07	GBPCPCFC_01502-0
GBPCPCFC_01503	780	3.55e-117	GBPCPCFC_01503-0
GBPCPCFC_01504	780	2.88e-213	GBPCPCFC_01504-0
GBPCPCFC_01505	780	3.03e-82	GBPCPCFC_01505-0
GBPCPCFC_01506	780	4.50e-45	GBPCPCFC_01506-0
GBPCPCFC_01507	780	1.07e-122	GBPCPCFC_01507-0
GBPCPCFC_01508	780	3.08e-195	GBPCPCFC_01508-0
GBPCPCFC_01509			GBPCPCFC_01509-0
GBPCPCFC_01510	780	1.36e-23	GBPCPCFC_01510-0
GBPCPCFC_01511	780	1.24e-91	GBPCPCFC_01511-0
GBPCPCFC_01512	780	5.95e-131	GBPCPCFC_01512-0
GBPCPCFC_01513	780	3.63e-128	GBPCPCFC_01513-0
GBPCPCFC_01514	7184	1.36e-75	GBPCPCFC_01514-0
GBPCPCFC_01515	33317	3.19e-300	GBPCPCFC_01515-0
GBPCPCFC_01516	7184	5.92e-126	GBPCPCFC_01516-0
GBPCPCFC_01517	780	1.20e-135	GBPCPCFC_01517-0
GBPCPCFC_01518	780	3.86e-95	GBPCPCFC_01518-0
GBPCPCFC_01519	7184	6.14e-198	GBPCPCFC_01519-0
GBPCPCFC_01520	7184	0.0	GBPCPCFC_01520-0
GBPCPCFC_01521	7184	1.62e-250	GBPCPCFC_01521-0
GBPCPCFC_01522	7184	4.12e-109	GBPCPCFC_01522-0
GBPCPCFC_01523	780	1.91e-83	GBPCPCFC_01523-0
GBPCPCFC_01524	6656	1.85e-190	GBPCPCFC_01524-0
GBPCPCFC_01525	780	2.07e-132	GBPCPCFC_01525-0
GBPCPCFC_01526			GBPCPCFC_01526-0
GBPCPCFC_01527	400060	5.16e-43	GBPCPCFC_01527-0
GBPCPCFC_01528	1224	1.08e-08	GBPCPCFC_01528-0
GBPCPCFC_01529	780	9.02e-196	GBPCPCFC_01529-0
GBPCPCFC_01530	7184	0.0	GBPCPCFC_01530-0
GBPCPCFC_01531	780	2.46e-208	GBPCPCFC_01531-0
GBPCPCFC_01532	7184	4.43e-132	GBPCPCFC_01532-0
GBPCPCFC_01533	7184	6.26e-74	GBPCPCFC_01533-0
GBPCPCFC_01534	780	6.63e-78	GBPCPCFC_01534-0
GBPCPCFC_01535	28211	7.81e-27	GBPCPCFC_01535-0
GBPCPCFC_01536	780	2.83e-71	GBPCPCFC_01536-0
GBPCPCFC_01537	7184	1.67e-111	GBPCPCFC_01537-0
GBPCPCFC_01538	780	2.67e-151	GBPCPCFC_01538-0
GBPCPCFC_01539	7184	3.45e-114	GBPCPCFC_01539-0
GBPCPCFC_01540	35572	0.0	GBPCPCFC_01540-0
GBPCPCFC_01541	766	1.12e-126	GBPCPCFC_01541-0
GBPCPCFC_01542			GBPCPCFC_01542-0
GBPCPCFC_01543	7184	2.85e-192	GBPCPCFC_01543-0
GBPCPCFC_01544	780	2.14e-88	GBPCPCFC_01544-0
GBPCPCFC_01545	780	2.14e-173	GBPCPCFC_01545-0
GBPCPCFC_01546	7184	5.31e-314	GBPCPCFC_01546-0
GBPCPCFC_01547			GBPCPCFC_01547-0
GBPCPCFC_01548	780	3.10e-142	GBPCPCFC_01548-0
GBPCPCFC_01549	7184	4.06e-85	GBPCPCFC_01549-0
GBPCPCFC_01550	780	3.56e-72	GBPCPCFC_01550-0
GBPCPCFC_01551			GBPCPCFC_01551-0
GBPCPCFC_01552			GBPCPCFC_01552-0
GBPCPCFC_01553	780	3.16e-97	GBPCPCFC_01553-0
GBPCPCFC_01554	780	2.44e-46	GBPCPCFC_01554-0
GBPCPCFC_01555	7184	3.54e-101	GBPCPCFC_01555-0
GBPCPCFC_01556	7184	1.04e-22	GBPCPCFC_01556-0
GBPCPCFC_01557	780	1.73e-16	GBPCPCFC_01557-0
GBPCPCFC_01558	780	6.17e-25	GBPCPCFC_01558-0
GBPCPCFC_01559			GBPCPCFC_01559-0
GBPCPCFC_01560			GBPCPCFC_01560-0
GBPCPCFC_01561			GBPCPCFC_01561-0
GBPCPCFC_01562	7184	2.72e-19	GBPCPCFC_01562-0
GBPCPCFC_01563			GBPCPCFC_01563-0
GBPCPCFC_01564	953	2.31e-155	GBPCPCFC_01564-0
GBPCPCFC_01565	131567	1.31e-172	GBPCPCFC_01565-0
GBPCPCFC_01566	780	3.87e-31	GBPCPCFC_01566-0
GBPCPCFC_01567	780	1.29e-217	GBPCPCFC_01567-0
GBPCPCFC_01568	780	1.07e-109	GBPCPCFC_01568-0
GBPCPCFC_01569	780	1.66e-143	GBPCPCFC_01569-0
GBPCPCFC_01570	780	1.92e-137	GBPCPCFC_01570-0
GBPCPCFC_01571	780	1.75e-90	GBPCPCFC_01571-0
GBPCPCFC_01572	7184	5.62e-109	GBPCPCFC_01572-0
GBPCPCFC_01573	780	1.61e-62	GBPCPCFC_01573-0
GBPCPCFC_01574	780	2.31e-128	GBPCPCFC_01574-0
GBPCPCFC_01575	780	0.0	GBPCPCFC_01575-0
GBPCPCFC_01576	780	1.84e-49	GBPCPCFC_01576-0
GBPCPCFC_01577	7184	3.09e-280	GBPCPCFC_01577-0
GBPCPCFC_01578			GBPCPCFC_01578-0
GBPCPCFC_01579	780	1.54e-101	GBPCPCFC_01579-0
GBPCPCFC_01580	780	6.89e-59	GBPCPCFC_01580-0
GBPCPCFC_01581			GBPCPCFC_01581-0
GBPCPCFC_01582	7184	1.03e-306	GBPCPCFC_01582-0
GBPCPCFC_01583	780	1.12e-246	GBPCPCFC_01583-0
GBPCPCFC_01584	7184	9.22e-116	GBPCPCFC_01584-0
GBPCPCFC_01585			GBPCPCFC_01585-0
GBPCPCFC_01586	780	1.69e-57	GBPCPCFC_01586-0
GBPCPCFC_01587	7184	1.32e-188	GBPCPCFC_01587-0
GBPCPCFC_01588	2878922	5.34e-89	GBPCPCFC_01588-0
GBPCPCFC_01589	780	0.0	GBPCPCFC_01589-0
GBPCPCFC_01590	7184	6.71e-227	GBPCPCFC_01590-0
GBPCPCFC_01591	46469	3.03e-04	GBPCPCFC_01591-0
GBPCPCFC_01592	780	0.0	GBPCPCFC_01592-0
GBPCPCFC_01593	356	7.59e-08	GBPCPCFC_01593-0
GBPCPCFC_01594	1878942	2.13e-221	GBPCPCFC_01594-0
GBPCPCFC_01595	780	0.0	GBPCPCFC_01595-0
GBPCPCFC_01596			GBPCPCFC_01596-0
GBPCPCFC_01597	7184	0.0	GBPCPCFC_01597-0
GBPCPCFC_01598	780	1.85e-91	GBPCPCFC_01598-0
GBPCPCFC_01599	780	2.48e-34	GBPCPCFC_01599-0
GBPCPCFC_01600			GBPCPCFC_01600-0
GBPCPCFC_01601	780	1.75e-51	GBPCPCFC_01601-0
GBPCPCFC_01602	780	1.40e-155	GBPCPCFC_01602-0
GBPCPCFC_01603	7184	1.42e-188	GBPCPCFC_01603-0
GBPCPCFC_01604	7184	4.54e-234	GBPCPCFC_01604-0
GBPCPCFC_01605	1658174	1.68e-04	GBPCPCFC_01605-0
GBPCPCFC_01606	766	3.81e-50	GBPCPCFC_01606-0
GBPCPCFC_01607	780	1.94e-51	GBPCPCFC_01607-0
GBPCPCFC_01608	7184	1.00e-139	GBPCPCFC_01608-0
GBPCPCFC_01609			GBPCPCFC_01609-0
GBPCPCFC_01610			GBPCPCFC_01610-0
GBPCPCFC_01611	780	5.09e-160	GBPCPCFC_01611-0
GBPCPCFC_01612	7184	2.63e-100	GBPCPCFC_01612-0
GBPCPCFC_01613	7184	3.68e-239	GBPCPCFC_01613-0
GBPCPCFC_01614	7184	1.68e-221	GBPCPCFC_01614-0
GBPCPCFC_01615	7184	2.29e-133	GBPCPCFC_01615-0
GBPCPCFC_01616			GBPCPCFC_01616-0
GBPCPCFC_01617	780	2.96e-244	GBPCPCFC_01617-0
GBPCPCFC_01618	780	0.0	GBPCPCFC_01618-0
GBPCPCFC_01619	2	1.22e-66	GBPCPCFC_01619-0
GBPCPCFC_01620	7184	3.61e-263	GBPCPCFC_01620-0
GBPCPCFC_01621	775	3.39e-18	GBPCPCFC_01621-0
GBPCPCFC_01622	7184	7.04e-143	GBPCPCFC_01622-0
GBPCPCFC_01623	780	3.95e-261	GBPCPCFC_01623-0
GBPCPCFC_01624			GBPCPCFC_01624-0
GBPCPCFC_01625			GBPCPCFC_01625-0
GBPCPCFC_01626			GBPCPCFC_01626-0
GBPCPCFC_01627			GBPCPCFC_01627-0
GBPCPCFC_01628	33317	1.25e-155	GBPCPCFC_01628-0
GBPCPCFC_01629	7184	0.0	GBPCPCFC_01629-0
GBPCPCFC_01630	131567	6.50e-173	GBPCPCFC_01630-0
GBPCPCFC_01631			GBPCPCFC_01631-0
GBPCPCFC_01632	780	1.31e-26	GBPCPCFC_01632-0
GBPCPCFC_01633	780	1.10e-166	GBPCPCFC_01633-0
GBPCPCFC_01634	780	1.57e-65	GBPCPCFC_01634-0
GBPCPCFC_01635	7184	2.27e-49	GBPCPCFC_01635-0
GBPCPCFC_01636			GBPCPCFC_01636-0
GBPCPCFC_01637			GBPCPCFC_01637-0
GBPCPCFC_01638	780	3.95e-176	GBPCPCFC_01638-0
GBPCPCFC_01639			GBPCPCFC_01639-0
GBPCPCFC_01640	7184	0.0	GBPCPCFC_01640-0
GBPCPCFC_01641	2698648	2.43e-42	GBPCPCFC_01641-0
GBPCPCFC_01642	1224	8.73e-49	GBPCPCFC_01642-0
GBPCPCFC_01643	775	3.92e-36	GBPCPCFC_01643-0
GBPCPCFC_01644	7184	2.84e-65	GBPCPCFC_01644-0
GBPCPCFC_01645	780	6.10e-121	GBPCPCFC_01645-0
GBPCPCFC_01646	780	3.26e-95	GBPCPCFC_01646-0
GBPCPCFC_01647	7184	4.12e-43	GBPCPCFC_01647-0
GBPCPCFC_01648	780	0.0	GBPCPCFC_01648-0
GBPCPCFC_01649	7184	1.07e-120	GBPCPCFC_01649-0
GBPCPCFC_01650	780	1.07e-116	GBPCPCFC_01650-0
GBPCPCFC_01651	780	0.0	GBPCPCFC_01651-0
GBPCPCFC_01652	780	2.48e-64	GBPCPCFC_01652-0
GBPCPCFC_01653	7184	0.0	GBPCPCFC_01653-0
GBPCPCFC_01654	2026788	3.31e-21	GBPCPCFC_01654-0
GBPCPCFC_01655	780	4.60e-213	GBPCPCFC_01655-0
GBPCPCFC_01656	7184	6.39e-32	GBPCPCFC_01656-0
GBPCPCFC_01657	2762512	2.38e-36	GBPCPCFC_01657-0
GBPCPCFC_01658	7184	6.78e-271	GBPCPCFC_01658-0
GBPCPCFC_01659			GBPCPCFC_01659-0
GBPCPCFC_01660			GBPCPCFC_01660-0
GBPCPCFC_01661	7184	0.0	GBPCPCFC_01661-0
GBPCPCFC_01662	780	5.90e-144	GBPCPCFC_01662-0
GBPCPCFC_01663	780	2.73e-126	GBPCPCFC_01663-0
GBPCPCFC_01664			GBPCPCFC_01664-0
GBPCPCFC_01665	28211	1.31e-108	GBPCPCFC_01665-0
GBPCPCFC_01666			GBPCPCFC_01666-0
GBPCPCFC_01667	780	0.0	GBPCPCFC_01667-0
GBPCPCFC_01668			GBPCPCFC_01668-0
GBPCPCFC_01669			GBPCPCFC_01669-0
GBPCPCFC_01670	931099	5.50e-09	GBPCPCFC_01670-0
GBPCPCFC_01671			GBPCPCFC_01671-0
GBPCPCFC_01672	114277	2.37e-43	GBPCPCFC_01672-0
GBPCPCFC_01673	780	0.0	GBPCPCFC_01673-0
GBPCPCFC_01674	780	2.04e-33	GBPCPCFC_01674-0
GBPCPCFC_01675	780	1.81e-203	GBPCPCFC_01675-0
GBPCPCFC_01676	780	6.34e-40	GBPCPCFC_01676-0
GBPCPCFC_01677	780	3.39e-63	GBPCPCFC_01677-0
GBPCPCFC_01678	780	4.55e-92	GBPCPCFC_01678-0
GBPCPCFC_01679	131567	6.50e-173	GBPCPCFC_01679-0
GBPCPCFC_01680	780	1.02e-54	GBPCPCFC_01680-0
GBPCPCFC_01681	780	5.64e-81	GBPCPCFC_01681-0
GBPCPCFC_01682	775	9.06e-26	GBPCPCFC_01682-0
GBPCPCFC_01683	2698648	7.07e-19	GBPCPCFC_01683-0
GBPCPCFC_01684	2023360	7.73e-33	GBPCPCFC_01684-0
GBPCPCFC_01685	780	1.66e-71	GBPCPCFC_01685-0
GBPCPCFC_01686			GBPCPCFC_01686-0
GBPCPCFC_01687	775	1.01e-29	GBPCPCFC_01687-0
GBPCPCFC_01688	1224	1.75e-14	GBPCPCFC_01688-0
GBPCPCFC_01689	775	1.31e-82	GBPCPCFC_01689-0
GBPCPCFC_01690	2	2.30e-05	GBPCPCFC_01690-0
GBPCPCFC_01691	7184	4.10e-115	GBPCPCFC_01691-0
GBPCPCFC_01692	780	1.55e-53	GBPCPCFC_01692-0
GBPCPCFC_01693	780	1.94e-74	GBPCPCFC_01693-0
GBPCPCFC_01694	7184	1.12e-29	GBPCPCFC_01694-0
GBPCPCFC_01695	780	1.14e-16	GBPCPCFC_01695-0
GBPCPCFC_01696	780	3.67e-120	GBPCPCFC_01696-0
GBPCPCFC_01697	955	1.08e-66	GBPCPCFC_01697-0
GBPCPCFC_01698	7184	7.95e-66	GBPCPCFC_01698-0
GBPCPCFC_01699	780	1.00e-133	GBPCPCFC_01699-0
GBPCPCFC_01700	780	3.18e-120	GBPCPCFC_01700-0
GBPCPCFC_01701	780	3.12e-170	GBPCPCFC_01701-0
GBPCPCFC_01702	780	1.40e-158	GBPCPCFC_01702-0
GBPCPCFC_01703			GBPCPCFC_01703-0
GBPCPCFC_01704	33989	2.50e-73	GBPCPCFC_01704-0
GBPCPCFC_01705	953	8.51e-139	GBPCPCFC_01705-0
GBPCPCFC_01706	780	2.31e-12	GBPCPCFC_01706-0
GBPCPCFC_01707	780	1.55e-168	GBPCPCFC_01707-0
GBPCPCFC_01708	775	3.92e-248	GBPCPCFC_01708-0
GBPCPCFC_01709	1224	4.00e-97	GBPCPCFC_01709-0
GBPCPCFC_01710	780	2.11e-152	GBPCPCFC_01710-0
GBPCPCFC_01711	33317	8.11e-34	GBPCPCFC_01711-0
GBPCPCFC_01712			GBPCPCFC_01712-0
GBPCPCFC_01713	780	3.28e-290	GBPCPCFC_01713-0
GBPCPCFC_01714	780	1.57e-108	GBPCPCFC_01714-0
GBPCPCFC_01715	780	5.43e-227	GBPCPCFC_01715-0
GBPCPCFC_01716	7184	5.29e-214	GBPCPCFC_01716-0
GBPCPCFC_01717	7184	2.34e-141	GBPCPCFC_01717-0
GBPCPCFC_01718	780	1.62e-61	GBPCPCFC_01718-0
GBPCPCFC_01719	780	1.27e-54	GBPCPCFC_01719-0
GBPCPCFC_01720	780	3.87e-110	GBPCPCFC_01720-0
GBPCPCFC_01721	2	1.22e-66	GBPCPCFC_01721-0
GBPCPCFC_01722	780	5.15e-110	GBPCPCFC_01722-0
GBPCPCFC_01723	7184	1.92e-28	GBPCPCFC_01723-0
GBPCPCFC_01724	7184	8.56e-194	GBPCPCFC_01724-0
GBPCPCFC_01725	780	8.69e-77	GBPCPCFC_01725-0
GBPCPCFC_01726	2	2.24e-18	GBPCPCFC_01726-0
GBPCPCFC_01727	780	2.57e-142	GBPCPCFC_01727-0
GBPCPCFC_01728	780	5.53e-191	GBPCPCFC_01728-0
GBPCPCFC_01729	7184	3.11e-199	GBPCPCFC_01729-0
GBPCPCFC_01730	7184	1.52e-172	GBPCPCFC_01730-0
GBPCPCFC_01731	780	2.67e-188	GBPCPCFC_01731-0
GBPCPCFC_01732	780	4.36e-147	GBPCPCFC_01732-0
GBPCPCFC_01733	7184	2.84e-237	GBPCPCFC_01733-0
GBPCPCFC_01734	780	3.64e-135	GBPCPCFC_01734-0
GBPCPCFC_01735	7184	1.72e-149	GBPCPCFC_01735-0
GBPCPCFC_01736	7184	1.07e-92	GBPCPCFC_01736-0
GBPCPCFC_01737	7184	5.54e-118	GBPCPCFC_01737-0
GBPCPCFC_01738	7184	1.90e-238	GBPCPCFC_01738-0
GBPCPCFC_01739	2878922	5.03e-174	GBPCPCFC_01739-0
GBPCPCFC_01740			GBPCPCFC_01740-0
GBPCPCFC_01741	33317	1.05e-228	GBPCPCFC_01741-0
GBPCPCFC_01742	780	9.22e-38	GBPCPCFC_01742-0
GBPCPCFC_01743	780	1.27e-205	GBPCPCFC_01743-0
GBPCPCFC_01744	7184	9.71e-208	GBPCPCFC_01744-0
GBPCPCFC_01745	780	4.21e-86	GBPCPCFC_01745-0
GBPCPCFC_01746	7184	1.11e-84	GBPCPCFC_01746-0
GBPCPCFC_01747	33988	4.65e-39	GBPCPCFC_01747-0
GBPCPCFC_01748	780	1.29e-30	GBPCPCFC_01748-0
GBPCPCFC_01749	780	3.05e-32	GBPCPCFC_01749-0
GBPCPCFC_01750			GBPCPCFC_01750-0
GBPCPCFC_01751	780	1.72e-275	GBPCPCFC_01751-0
GBPCPCFC_01752	780	1.18e-218	GBPCPCFC_01752-0
GBPCPCFC_01753	7184	3.79e-271	GBPCPCFC_01753-0
GBPCPCFC_01754			GBPCPCFC_01754-0
GBPCPCFC_01755	953	1.11e-228	GBPCPCFC_01755-0
GBPCPCFC_01756	35572	2.50e-143	GBPCPCFC_01756-0
GBPCPCFC_01757	35572	5.85e-102	GBPCPCFC_01757-0
GBPCPCFC_01758	131567	6.50e-173	GBPCPCFC_01758-0
GBPCPCFC_01759			GBPCPCFC_01759-0
GBPCPCFC_01760			GBPCPCFC_01760-0
GBPCPCFC_01761	33317	6.78e-170	GBPCPCFC_01761-0
GBPCPCFC_01762	7184	2.40e-197	GBPCPCFC_01762-0
GBPCPCFC_01763	780	2.49e-65	GBPCPCFC_01763-0
GBPCPCFC_01764	7147	4.69e-08	GBPCPCFC_01764-0
GBPCPCFC_01765	780	1.07e-77	GBPCPCFC_01765-0
GBPCPCFC_01766	780	4.84e-61	GBPCPCFC_01766-0
GBPCPCFC_01767	33317	1.95e-76	GBPCPCFC_01767-0
GBPCPCFC_01768	7184	4.53e-164	GBPCPCFC_01768-0
GBPCPCFC_01769	7184	3.55e-241	GBPCPCFC_01769-0
GBPCPCFC_01770	780	0.0	GBPCPCFC_01770-0
GBPCPCFC_01771	780	7.08e-33	GBPCPCFC_01771-0
GBPCPCFC_01772	780	1.55e-39	GBPCPCFC_01772-0
GBPCPCFC_01773	7184	0.0	GBPCPCFC_01773-0
GBPCPCFC_01774	780	3.31e-271	GBPCPCFC_01774-0
GBPCPCFC_01775	780	0.0	GBPCPCFC_01775-0
GBPCPCFC_01776	780	2.67e-228	GBPCPCFC_01776-0
GBPCPCFC_01777			GBPCPCFC_01777-0
GBPCPCFC_01778			GBPCPCFC_01778-0
GBPCPCFC_01779			GBPCPCFC_01779-0
GBPCPCFC_01780	33392	8.38e-05	GBPCPCFC_01780-0
GBPCPCFC_01781	780	5.11e-36	GBPCPCFC_01781-0
GBPCPCFC_01782	976	1.96e-05	GBPCPCFC_01782-0
GBPCPCFC_01783			GBPCPCFC_01783-0
GBPCPCFC_01784	7184	2.09e-36	GBPCPCFC_01784-0
GBPCPCFC_01785	7184	3.17e-113	GBPCPCFC_01785-0
GBPCPCFC_01786			GBPCPCFC_01786-0
GBPCPCFC_01787	780	3.47e-38	GBPCPCFC_01787-0
GBPCPCFC_01788	33317	4.08e-151	GBPCPCFC_01788-0
GBPCPCFC_01789	780	6.04e-136	GBPCPCFC_01789-0
GBPCPCFC_01790	780	1.42e-140	GBPCPCFC_01790-0
GBPCPCFC_01791	7184	8.20e-136	GBPCPCFC_01791-0
GBPCPCFC_01792	766	2.64e-276	GBPCPCFC_01792-0
GBPCPCFC_01793	780	5.56e-75	GBPCPCFC_01793-0
GBPCPCFC_01794	780	4.35e-52	GBPCPCFC_01794-0
GBPCPCFC_01795	780	1.76e-48	GBPCPCFC_01795-0
GBPCPCFC_01796	780	2.10e-96	GBPCPCFC_01796-0
GBPCPCFC_01797	780	8.77e-126	GBPCPCFC_01797-0
GBPCPCFC_01798	780	6.06e-87	GBPCPCFC_01798-0
GBPCPCFC_01799	780	4.53e-99	GBPCPCFC_01799-0
GBPCPCFC_01800	780	1.12e-187	GBPCPCFC_01800-0
GBPCPCFC_01801	7184	6.64e-200	GBPCPCFC_01801-0
GBPCPCFC_01802	780	2.30e-145	GBPCPCFC_01802-0
GBPCPCFC_01803	33317	1.29e-35	GBPCPCFC_01803-0
GBPCPCFC_01804	2878922	4.01e-141	GBPCPCFC_01804-0
GBPCPCFC_01805	780	5.47e-101	GBPCPCFC_01805-0
GBPCPCFC_01806	7184	8.00e-107	GBPCPCFC_01806-0
GBPCPCFC_01807	6656	7.30e-266	GBPCPCFC_01807-0
GBPCPCFC_01808	780	1.17e-85	GBPCPCFC_01808-0
GBPCPCFC_01809			GBPCPCFC_01809-0
GBPCPCFC_01810	780	2.63e-134	GBPCPCFC_01810-0
GBPCPCFC_01811	7184	5.26e-145	GBPCPCFC_01811-0
GBPCPCFC_01812	780	4.47e-60	GBPCPCFC_01812-0
GBPCPCFC_01813	2878922	4.11e-59	GBPCPCFC_01813-0
GBPCPCFC_01814	780	1.55e-221	GBPCPCFC_01814-0
GBPCPCFC_01815	780	2.57e-166	GBPCPCFC_01815-0
GBPCPCFC_01816	780	3.64e-107	GBPCPCFC_01816-0
GBPCPCFC_01817	7184	2.60e-164	GBPCPCFC_01817-0
GBPCPCFC_01818	780	4.77e-117	GBPCPCFC_01818-0
GBPCPCFC_01819			GBPCPCFC_01819-0
GBPCPCFC_01820	780	2.58e-17	GBPCPCFC_01820-0
GBPCPCFC_01821	780	2.65e-33	GBPCPCFC_01821-0
GBPCPCFC_01822	33317	2.22e-193	GBPCPCFC_01822-0
GBPCPCFC_01823	7184	2.83e-290	GBPCPCFC_01823-0
GBPCPCFC_01824	7184	8.39e-162	GBPCPCFC_01824-0
GBPCPCFC_01825	33317	1.83e-191	GBPCPCFC_01825-0
GBPCPCFC_01826	7184	1.77e-128	GBPCPCFC_01826-0
GBPCPCFC_01827	33317	2.54e-244	GBPCPCFC_01827-0
GBPCPCFC_01828			GBPCPCFC_01828-0
GBPCPCFC_01829	7184	1.31e-101	GBPCPCFC_01829-0
GBPCPCFC_01830	780	3.87e-31	GBPCPCFC_01830-0
GBPCPCFC_01831	1977087	2.75e-207	GBPCPCFC_01831-0
GBPCPCFC_01832	953	6.01e-237	GBPCPCFC_01832-0
GBPCPCFC_01833	1977087	4.24e-131	GBPCPCFC_01833-0
GBPCPCFC_01834	7184	2.60e-87	GBPCPCFC_01834-0
GBPCPCFC_01835	7184	6.68e-136	GBPCPCFC_01835-0
GBPCPCFC_01836	931101	1.86e-24	GBPCPCFC_01836-0
GBPCPCFC_01837	780	1.59e-202	GBPCPCFC_01837-0
GBPCPCFC_01838	780	4.99e-123	GBPCPCFC_01838-0
GBPCPCFC_01839	780	3.55e-224	GBPCPCFC_01839-0
GBPCPCFC_01840	780	0.0	GBPCPCFC_01840-0
GBPCPCFC_01841	780	7.50e-61	GBPCPCFC_01841-0
GBPCPCFC_01842	7184	2.81e-126	GBPCPCFC_01842-0
GBPCPCFC_01843	6656	1.67e-125	GBPCPCFC_01843-0
GBPCPCFC_01844	1224	1.17e-60	GBPCPCFC_01844-0
GBPCPCFC_01845	2732594	9.35e-222	GBPCPCFC_01845-0
GBPCPCFC_01846	780	4.94e-43	GBPCPCFC_01846-0
GBPCPCFC_01847	780	1.09e-39	GBPCPCFC_01847-0
GBPCPCFC_01848			GBPCPCFC_01848-0
GBPCPCFC_01849	7184	6.97e-280	GBPCPCFC_01849-0
GBPCPCFC_01850	7184	1.38e-73	GBPCPCFC_01850-0
GBPCPCFC_01851	780	4.45e-38	GBPCPCFC_01851-0
GBPCPCFC_01852	780	3.11e-221	GBPCPCFC_01852-0
GBPCPCFC_01853	7184	3.95e-106	GBPCPCFC_01853-0
GBPCPCFC_01854			GBPCPCFC_01854-0
GBPCPCFC_01855	2761623	9.74e-04	GBPCPCFC_01855-0
GBPCPCFC_01856	7184	5.82e-68	GBPCPCFC_01856-0
GBPCPCFC_01857	7184	0.0	GBPCPCFC_01857-0
GBPCPCFC_01858	7184	9.15e-88	GBPCPCFC_01858-0
GBPCPCFC_01859			GBPCPCFC_01859-0
GBPCPCFC_01860	114277	3.38e-81	GBPCPCFC_01860-0
GBPCPCFC_01861	780	2.90e-28	GBPCPCFC_01861-0
GBPCPCFC_01862	114277	6.70e-48	GBPCPCFC_01862-0
GBPCPCFC_01863	780	6.29e-47	GBPCPCFC_01863-0
GBPCPCFC_01864	114277	5.35e-133	GBPCPCFC_01864-0
GBPCPCFC_01865	780	2.29e-314	GBPCPCFC_01865-0
GBPCPCFC_01866	2021370	8.89e-15	GBPCPCFC_01866-0
GBPCPCFC_01867			GBPCPCFC_01867-0
GBPCPCFC_01868	6656	1.18e-250	GBPCPCFC_01868-0
GBPCPCFC_01869	1462938	5.24e-21	GBPCPCFC_01869-0
GBPCPCFC_01870	114277	7.28e-158	GBPCPCFC_01870-0
GBPCPCFC_01871	1224	2.02e-08	GBPCPCFC_01871-0
GBPCPCFC_01872	780	0.0	GBPCPCFC_01872-0
GBPCPCFC_01873			GBPCPCFC_01873-0
GBPCPCFC_01874			GBPCPCFC_01874-0
GBPCPCFC_01875	1224	1.13e-36	GBPCPCFC_01875-0
GBPCPCFC_01876	780	8.32e-96	GBPCPCFC_01876-0
GBPCPCFC_01877	780	1.41e-117	GBPCPCFC_01877-0
GBPCPCFC_01878	7184	7.79e-91	GBPCPCFC_01878-0
GBPCPCFC_01879	7184	7.75e-145	GBPCPCFC_01879-0
GBPCPCFC_01880	2	1.85e-11	GBPCPCFC_01880-0
GBPCPCFC_01881	780	4.23e-48	GBPCPCFC_01881-0
GBPCPCFC_01882	7184	1.51e-68	GBPCPCFC_01882-0
GBPCPCFC_01883			GBPCPCFC_01883-0
GBPCPCFC_01884			GBPCPCFC_01884-0
GBPCPCFC_01885	931099	4.10e-23	GBPCPCFC_01885-0
GBPCPCFC_01886	780	5.36e-44	GBPCPCFC_01886-0
GBPCPCFC_01887	780	1.74e-75	GBPCPCFC_01887-0
GBPCPCFC_01888			GBPCPCFC_01888-0
GBPCPCFC_01889	780	2.49e-55	GBPCPCFC_01889-0
GBPCPCFC_01890	2	4.95e-66	GBPCPCFC_01890-0
GBPCPCFC_01891	766	1.17e-18	GBPCPCFC_01891-0
GBPCPCFC_01892	780	5.40e-247	GBPCPCFC_01892-0
GBPCPCFC_01893	775	3.73e-08	GBPCPCFC_01893-0
GBPCPCFC_01894	2023360	2.05e-31	GBPCPCFC_01894-0
GBPCPCFC_01895			GBPCPCFC_01895-0
GBPCPCFC_01896	780	1.79e-181	GBPCPCFC_01896-0
GBPCPCFC_01897	780	6.78e-184	GBPCPCFC_01897-0
GBPCPCFC_01898	2878922	1.29e-06	GBPCPCFC_01898-0
GBPCPCFC_01899	7184	1.65e-279	GBPCPCFC_01899-0
GBPCPCFC_01900	780	7.48e-132	GBPCPCFC_01900-0
GBPCPCFC_01901	780	4.93e-175	GBPCPCFC_01901-0
GBPCPCFC_01902	780	4.42e-147	GBPCPCFC_01902-0
GBPCPCFC_01903	780	7.84e-303	GBPCPCFC_01903-0
GBPCPCFC_01904	7184	0.0	GBPCPCFC_01904-0
GBPCPCFC_01905	2878922	4.90e-32	GBPCPCFC_01905-0
GBPCPCFC_01906	7184	0.0	GBPCPCFC_01906-0
GBPCPCFC_01907	2878922	3.22e-175	GBPCPCFC_01907-0
GBPCPCFC_01908	7184	5.64e-268	GBPCPCFC_01908-0
GBPCPCFC_01909	766	4.56e-22	GBPCPCFC_01909-0
GBPCPCFC_01910	780	7.41e-237	GBPCPCFC_01910-0
GBPCPCFC_01911	2878922	1.98e-250	GBPCPCFC_01911-0
GBPCPCFC_01912	780	2.08e-143	GBPCPCFC_01912-0
GBPCPCFC_01913			GBPCPCFC_01913-0
GBPCPCFC_01914	33154	1.01e-89	GBPCPCFC_01914-0
GBPCPCFC_01915	2	1.20e-37	GBPCPCFC_01915-0
GBPCPCFC_01916	953	1.04e-237	GBPCPCFC_01916-0
GBPCPCFC_01917	2	3.45e-40	GBPCPCFC_01917-0
GBPCPCFC_01918	131567	5.68e-24	GBPCPCFC_01918-0
GBPCPCFC_01919			GBPCPCFC_01919-0
GBPCPCFC_01920	2	1.22e-66	GBPCPCFC_01920-0
GBPCPCFC_01921			GBPCPCFC_01921-0
GBPCPCFC_01922			GBPCPCFC_01922-0
GBPCPCFC_01923	35572	5.55e-226	GBPCPCFC_01923-0
GBPCPCFC_01924	131567	1.31e-172	GBPCPCFC_01924-0
GBPCPCFC_01925			GBPCPCFC_01925-0
GBPCPCFC_01926			GBPCPCFC_01926-0
GBPCPCFC_01927	780	8.48e-141	GBPCPCFC_01927-0
GBPCPCFC_01928	2023360	4.41e-126	GBPCPCFC_01928-0
GBPCPCFC_01929	780	1.66e-155	GBPCPCFC_01929-0
GBPCPCFC_01930			GBPCPCFC_01930-0
GBPCPCFC_01931	33213	1.98e-06	GBPCPCFC_01931-0
GBPCPCFC_01932	780	6.96e-232	GBPCPCFC_01932-0
GBPCPCFC_01933	7184	4.21e-133	GBPCPCFC_01933-0
GBPCPCFC_01934	2878926	1.05e-23	GBPCPCFC_01934-0
GBPCPCFC_01935	780	1.24e-123	GBPCPCFC_01935-0
GBPCPCFC_01936	7184	8.39e-51	GBPCPCFC_01936-0
GBPCPCFC_01937	780	5.09e-48	GBPCPCFC_01937-0
GBPCPCFC_01938			GBPCPCFC_01938-0
GBPCPCFC_01939	7184	2.67e-129	GBPCPCFC_01939-0
GBPCPCFC_01940	7184	1.03e-183	GBPCPCFC_01940-0
GBPCPCFC_01941	7184	2.00e-273	GBPCPCFC_01941-0
GBPCPCFC_01942	780	1.51e-157	GBPCPCFC_01942-0
GBPCPCFC_01943	780	3.55e-105	GBPCPCFC_01943-0
GBPCPCFC_01944			GBPCPCFC_01944-0
GBPCPCFC_01945	7184	2.48e-129	GBPCPCFC_01945-0
GBPCPCFC_01946	7184	1.40e-79	GBPCPCFC_01946-0
GBPCPCFC_01947	780	6.77e-155	GBPCPCFC_01947-0
GBPCPCFC_01948	780	2.92e-94	GBPCPCFC_01948-0
GBPCPCFC_01949			GBPCPCFC_01949-0
GBPCPCFC_01950			GBPCPCFC_01950-0
GBPCPCFC_01951			GBPCPCFC_01951-0
GBPCPCFC_01952	7184	4.70e-270	GBPCPCFC_01952-0
GBPCPCFC_01953	780	8.29e-22	GBPCPCFC_01953-0
GBPCPCFC_01954	2866165	2.67e-11	GBPCPCFC_01954-0
GBPCPCFC_01955	780	5.52e-62	GBPCPCFC_01955-0
GBPCPCFC_01956	7184	9.77e-180	GBPCPCFC_01956-0
GBPCPCFC_01957	780	3.58e-213	GBPCPCFC_01957-0
GBPCPCFC_01958	7184	0.0	GBPCPCFC_01958-0
GBPCPCFC_01959	780	1.65e-71	GBPCPCFC_01959-0
GBPCPCFC_01960	7184	7.46e-77	GBPCPCFC_01960-0
GBPCPCFC_01961			GBPCPCFC_01961-0
GBPCPCFC_01962	780	3.43e-72	GBPCPCFC_01962-0
GBPCPCFC_01963	7184	3.99e-117	GBPCPCFC_01963-0
GBPCPCFC_01964	780	3.56e-91	GBPCPCFC_01964-0
GBPCPCFC_01965	780	1.30e-104	GBPCPCFC_01965-0
GBPCPCFC_01966	780	3.00e-39	GBPCPCFC_01966-0
GBPCPCFC_01967	780	2.55e-44	GBPCPCFC_01967-0
GBPCPCFC_01968	780	3.16e-36	GBPCPCFC_01968-0
GBPCPCFC_01969	780	0.0	GBPCPCFC_01969-0
GBPCPCFC_01970	7184	0.0	GBPCPCFC_01970-0
GBPCPCFC_01971	7184	0.0	GBPCPCFC_01971-0
GBPCPCFC_01972	2	1.06e-78	GBPCPCFC_01972-0
GBPCPCFC_01973	131567	1.31e-172	GBPCPCFC_01973-0
GBPCPCFC_01974	1234261	1.70e-147	GBPCPCFC_01974-0
GBPCPCFC_01975	1234261	2.71e-08	GBPCPCFC_01975-0
GBPCPCFC_01976	780	8.40e-151	GBPCPCFC_01976-0
GBPCPCFC_01977	7184	0.0	GBPCPCFC_01977-0
GBPCPCFC_01978	536	6.11e-04	GBPCPCFC_01978-0
GBPCPCFC_01979	780	3.25e-309	GBPCPCFC_01979-0
GBPCPCFC_01980	780	2.31e-110	GBPCPCFC_01980-0
GBPCPCFC_01981	780	2.26e-154	GBPCPCFC_01981-0
GBPCPCFC_01982	780	1.45e-46	GBPCPCFC_01982-0
GBPCPCFC_01983	780	0.0	GBPCPCFC_01983-0
GBPCPCFC_01984	7184	0.0	GBPCPCFC_01984-0
GBPCPCFC_01985			GBPCPCFC_01985-0
GBPCPCFC_01986	780	1.11e-264	GBPCPCFC_01986-0
GBPCPCFC_01987			GBPCPCFC_01987-0
GBPCPCFC_01988	780	0.0	GBPCPCFC_01988-0
GBPCPCFC_01989	780	0.0	GBPCPCFC_01989-0
GBPCPCFC_01990	780	0.0	GBPCPCFC_01990-0
GBPCPCFC_01991	780	4.67e-100	GBPCPCFC_01991-0
GBPCPCFC_01992	780	1.17e-205	GBPCPCFC_01992-0
GBPCPCFC_01993	780	1.04e-86	GBPCPCFC_01993-0
GBPCPCFC_01994	7184	1.17e-287	GBPCPCFC_01994-0
GBPCPCFC_01995	7184	0.0	GBPCPCFC_01995-0
GBPCPCFC_01996	7184	0.0	GBPCPCFC_01996-0
GBPCPCFC_01997	7184	5.26e-57	GBPCPCFC_01997-0
GBPCPCFC_01998	780	6.83e-73	GBPCPCFC_01998-0
GBPCPCFC_01999	7184	3.63e-134	GBPCPCFC_01999-0
GBPCPCFC_02000	7184	1.71e-77	GBPCPCFC_02000-0
GBPCPCFC_02001	7184	2.83e-95	GBPCPCFC_02001-0
GBPCPCFC_02002	780	7.75e-29	GBPCPCFC_02002-0
GBPCPCFC_02003	92647	8.82e-04	GBPCPCFC_02003-0
GBPCPCFC_02004	7184	0.0	GBPCPCFC_02004-0
GBPCPCFC_02005	780	1.16e-95	GBPCPCFC_02005-0
GBPCPCFC_02006	28211	7.80e-84	GBPCPCFC_02006-0
GBPCPCFC_02007	780	2.83e-100	GBPCPCFC_02007-0
GBPCPCFC_02008	780	7.17e-40	GBPCPCFC_02008-0
GBPCPCFC_02009	7184	0.0	GBPCPCFC_02009-0
GBPCPCFC_02010			GBPCPCFC_02010-0
GBPCPCFC_02011	6656	1.03e-165	GBPCPCFC_02011-0
GBPCPCFC_02012	780	1.88e-256	GBPCPCFC_02012-0
GBPCPCFC_02013	7184	0.0	GBPCPCFC_02013-0
GBPCPCFC_02014			GBPCPCFC_02014-0
GBPCPCFC_02015	780	0.0	GBPCPCFC_02015-0
GBPCPCFC_02016	780	1.63e-140	GBPCPCFC_02016-0
GBPCPCFC_02017	780	3.52e-154	GBPCPCFC_02017-0
GBPCPCFC_02018	780	0.0	GBPCPCFC_02018-0
GBPCPCFC_02019			GBPCPCFC_02019-0
GBPCPCFC_02020	780	1.40e-14	GBPCPCFC_02020-0
GBPCPCFC_02021			GBPCPCFC_02021-0
GBPCPCFC_02022	7184	2.38e-257	GBPCPCFC_02022-0
GBPCPCFC_02023	2	1.11e-121	GBPCPCFC_02023-0
GBPCPCFC_02024	131567	1.31e-172	GBPCPCFC_02024-0
GBPCPCFC_02025	2	3.62e-43	GBPCPCFC_02025-0
GBPCPCFC_02026	780	4.62e-64	GBPCPCFC_02026-0
GBPCPCFC_02027	780	9.24e-82	GBPCPCFC_02027-0
GBPCPCFC_02028	780	7.67e-68	GBPCPCFC_02028-0
GBPCPCFC_02029	7184	2.56e-127	GBPCPCFC_02029-0
GBPCPCFC_02030	7184	3.16e-193	GBPCPCFC_02030-0
GBPCPCFC_02031	7184	0.0	GBPCPCFC_02031-0
GBPCPCFC_02032	33317	1.07e-64	GBPCPCFC_02032-0
GBPCPCFC_02033	780	4.17e-270	GBPCPCFC_02033-0
GBPCPCFC_02034	7184	6.10e-53	GBPCPCFC_02034-0
GBPCPCFC_02035	780	1.06e-128	GBPCPCFC_02035-0
GBPCPCFC_02036			GBPCPCFC_02036-0
GBPCPCFC_02037	780	1.98e-80	GBPCPCFC_02037-0
GBPCPCFC_02038	7184	0.0	GBPCPCFC_02038-0
GBPCPCFC_02039	780	1.14e-174	GBPCPCFC_02039-0
GBPCPCFC_02040	33392	1.67e-08	GBPCPCFC_02040-0
GBPCPCFC_02041			GBPCPCFC_02041-0
GBPCPCFC_02042			GBPCPCFC_02042-0
GBPCPCFC_02043	2698648	1.73e-265	GBPCPCFC_02043-0
GBPCPCFC_02044	2698648	5.87e-213	GBPCPCFC_02044-0
GBPCPCFC_02045	766	4.03e-187	GBPCPCFC_02045-0
GBPCPCFC_02046			GBPCPCFC_02046-0
GBPCPCFC_02047	780	8.82e-20	GBPCPCFC_02047-0
GBPCPCFC_02048	7184	0.0	GBPCPCFC_02048-0
GBPCPCFC_02049	7184	1.36e-207	GBPCPCFC_02049-0
GBPCPCFC_02050	7184	1.87e-194	GBPCPCFC_02050-0
GBPCPCFC_02051	223967	5.09e-04	GBPCPCFC_02051-0
GBPCPCFC_02052	7184	3.42e-163	GBPCPCFC_02052-0
GBPCPCFC_02053	780	1.86e-23	GBPCPCFC_02053-0
GBPCPCFC_02054	780	1.36e-231	GBPCPCFC_02054-0
GBPCPCFC_02055	780	3.77e-102	GBPCPCFC_02055-0
GBPCPCFC_02056	766	7.70e-231	GBPCPCFC_02056-0
GBPCPCFC_02057	7184	9.30e-100	GBPCPCFC_02057-0
GBPCPCFC_02058	780	1.15e-170	GBPCPCFC_02058-0
GBPCPCFC_02059	780	6.15e-234	GBPCPCFC_02059-0
GBPCPCFC_02060	780	1.32e-86	GBPCPCFC_02060-0
GBPCPCFC_02061			GBPCPCFC_02061-0
GBPCPCFC_02062			GBPCPCFC_02062-0
GBPCPCFC_02063	131567	1.31e-172	GBPCPCFC_02063-0
GBPCPCFC_02064			GBPCPCFC_02064-0
GBPCPCFC_02065			GBPCPCFC_02065-0
GBPCPCFC_02066	780	0.0	GBPCPCFC_02066-0
GBPCPCFC_02067	780	1.68e-80	GBPCPCFC_02067-0
GBPCPCFC_02068	780	6.31e-42	GBPCPCFC_02068-0
GBPCPCFC_02069	780	2.90e-65	GBPCPCFC_02069-0
GBPCPCFC_02070	780	8.52e-36	GBPCPCFC_02070-0
GBPCPCFC_02071			GBPCPCFC_02071-0
GBPCPCFC_02072	2023360	7.21e-32	GBPCPCFC_02072-0
GBPCPCFC_02073	2698648	1.38e-21	GBPCPCFC_02073-0
GBPCPCFC_02074	2761623	1.63e-129	GBPCPCFC_02074-0
GBPCPCFC_02075	7184	1.51e-68	GBPCPCFC_02075-0
GBPCPCFC_02076			GBPCPCFC_02076-0
GBPCPCFC_02077	445	1.61e-57	GBPCPCFC_02077-0
GBPCPCFC_02078			GBPCPCFC_02078-0
GBPCPCFC_02079	780	3.26e-51	GBPCPCFC_02079-0
GBPCPCFC_02080			GBPCPCFC_02080-0
GBPCPCFC_02081	780	2.09e-10	GBPCPCFC_02081-0
GBPCPCFC_02082	780	1.61e-56	GBPCPCFC_02082-0
GBPCPCFC_02083	780	3.11e-305	GBPCPCFC_02083-0
GBPCPCFC_02084	780	8.49e-131	GBPCPCFC_02084-0
GBPCPCFC_02085	2	1.21e-66	GBPCPCFC_02085-0
GBPCPCFC_02086	780	6.27e-20	GBPCPCFC_02086-0
GBPCPCFC_02087	780	2.34e-222	GBPCPCFC_02087-0
GBPCPCFC_02088	780	2.20e-85	GBPCPCFC_02088-0
GBPCPCFC_02089	7184	4.44e-151	GBPCPCFC_02089-0
GBPCPCFC_02090	780	7.22e-45	GBPCPCFC_02090-0
GBPCPCFC_02091	780	4.67e-314	GBPCPCFC_02091-0
GBPCPCFC_02092			GBPCPCFC_02092-0
GBPCPCFC_02093	7184	9.41e-263	GBPCPCFC_02093-0
GBPCPCFC_02094	7184	9.43e-130	GBPCPCFC_02094-0
GBPCPCFC_02095	780	6.87e-305	GBPCPCFC_02095-0
GBPCPCFC_02096			GBPCPCFC_02096-0
GBPCPCFC_02097	780	7.05e-217	GBPCPCFC_02097-0
GBPCPCFC_02098	780	1.82e-110	GBPCPCFC_02098-0
GBPCPCFC_02099	780	2.27e-121	GBPCPCFC_02099-0
GBPCPCFC_02100	7184	1.27e-164	GBPCPCFC_02100-0
GBPCPCFC_02101			GBPCPCFC_02101-0
GBPCPCFC_02102			GBPCPCFC_02102-0
GBPCPCFC_02103	35572	1.06e-44	GBPCPCFC_02103-0
GBPCPCFC_02104	2	4.95e-66	GBPCPCFC_02104-0
GBPCPCFC_02105	35572	7.46e-71	GBPCPCFC_02105-0
GBPCPCFC_02106	33317	7.03e-59	GBPCPCFC_02106-0
GBPCPCFC_02107	780	1.48e-129	GBPCPCFC_02107-0
GBPCPCFC_02108	6656	2.88e-34	GBPCPCFC_02108-0
GBPCPCFC_02109	7184	2.47e-13	GBPCPCFC_02109-0
GBPCPCFC_02110	33154	3.22e-06	GBPCPCFC_02110-0
GBPCPCFC_02111			GBPCPCFC_02111-0
GBPCPCFC_02112			GBPCPCFC_02112-0
GBPCPCFC_02113			GBPCPCFC_02113-0
GBPCPCFC_02114			GBPCPCFC_02114-0
GBPCPCFC_02115			GBPCPCFC_02115-0
GBPCPCFC_02116	2	1.12e-39	GBPCPCFC_02116-0
GBPCPCFC_02117	780	6.38e-158	GBPCPCFC_02117-0
GBPCPCFC_02118	780	1.34e-79	GBPCPCFC_02118-0
GBPCPCFC_02119	7184	0.0	GBPCPCFC_02119-0
GBPCPCFC_02120	6656	2.00e-205	GBPCPCFC_02120-0
GBPCPCFC_02121	766	1.29e-82	GBPCPCFC_02121-0
GBPCPCFC_02122	2878922	1.75e-92	GBPCPCFC_02122-0
GBPCPCFC_02123	780	5.78e-48	GBPCPCFC_02123-0
GBPCPCFC_02124	7184	0.0	GBPCPCFC_02124-0
GBPCPCFC_02125	780	9.94e-259	GBPCPCFC_02125-0
GBPCPCFC_02126	7184	0.0	GBPCPCFC_02126-0
GBPCPCFC_02127	7184	0.0	GBPCPCFC_02127-0
GBPCPCFC_02128	6656	6.30e-264	GBPCPCFC_02128-0
GBPCPCFC_02129	7184	5.20e-81	GBPCPCFC_02129-0
GBPCPCFC_02130	1977087	1.95e-129	GBPCPCFC_02130-0
GBPCPCFC_02131	953	1.55e-174	GBPCPCFC_02131-0
GBPCPCFC_02132	6656	1.18e-250	GBPCPCFC_02132-0
GBPCPCFC_02133	766	3.19e-65	GBPCPCFC_02133-0
GBPCPCFC_02134	1977087	2.75e-207	GBPCPCFC_02134-0
GBPCPCFC_02135	33989	2.50e-73	GBPCPCFC_02135-0
